VOUCHER_NO,VOUCHER_LINE_NO,SKU_CODE,VENDOR_ARTICLE,SKU_DESCRIPTION,QTY
285169,1,6051226,S0980400,RL S13 (V100+BL100+SG100),18.000
285170,1,6040605,S0642900,RL POLO SPORT BLUE EDT 125ML,12.000
285170,2,6050819,S0962100,RL POLO RED EDT 125ML,36.000
285170,3,131046,80830700,POLO RALPH LAUREN BLUE 125ML SPRAY,6.000
285170,4,23180010,80042200,RL POLO CLGN SPRAY,6.000
285170,5,6047815,S0933900,RL BPWPK S13 BRACELET 100ML,6.000
285170,6,6040991,L2467000,GA ACQUA DI GIO ESSENZA V75ML,18.000
285170,7,6020997,L1155500,GA AD GIOIA EDP100ml,9.000
285170,8,277321,28118500,GA EA5 DIAMONDS EDP 100ML SPRAY,3.000
