[RTV No_],[RTV Date],[Invoice No.],[Invoice Date],[Supplier Code],[Total Receipt Cost],[RTV Remarks]
RTV/TPM/13/000230,01/08/2013,,,Z004,189.78,

[RTV No.],[RTV Date],[Line No.],[Buyer SKU Code],[Supplier SKU Code],[Item Description],[Location],[Packing Factor],[Ordering Base Unit],[UOM Code],[Return Quantity],[Cost per Unit],[Line Item Discount Amt],[Item Line Cost],[Retail Price],[Item Price Line Amount],[Reason Code],[Reason Description]
RTV/TPM/13/000230,01/08/2013,1,2605691,,BLACKMORES JOINT FORMULA ADVANCED -60'S ,TPM,1,U,PCS,2,31.40,0.00,62.80,60.75,121.50,02/2014,short expiry
RTV/TPM/13/000230,01/08/2013,2,2602877,,BLACKMORES JOINT FORMULA -120'S ,TPM,1,U,PCS,1,33.64,0.00,33.64,79.44,79.44,02/2014,short expiry
RTV/TPM/13/000230,01/08/2013,3,2603325,,BLACKMORES COQ10 50MG -60'S ,TPM,1,U,PCS,1,22.60,0.00,22.60,57.94,57.94,02/2014,short expiry
RTV/TPM/13/000230,01/08/2013,4,3002541,,BLACKMORES BIO ACE PLUS 30S ,TPM,1,U,PCS,4,14.58,0.00,58.32,24.30,97.20,02/2014,short expiry
