insert into USER_TYPE(USER_TYPE_OID, USER_TYPE_ID, USER_TYPE_DESC, GROUP_TYPE, ROLE_TYPE)
VALUES(1, 'SysAdmin', 'System Administrator', NULL, 'ADMIN');

insert into USER_TYPE(USER_TYPE_OID, USER_TYPE_ID, USER_TYPE_DESC, GROUP_TYPE, ROLE_TYPE)
VALUES(2, 'BuyerAdmin', 'Buyer Administrator', 'BUYER', 'BUYER');

insert into USER_TYPE(USER_TYPE_OID, USER_TYPE_ID, USER_TYPE_DESC, GROUP_TYPE, ROLE_TYPE)
VALUES(3, 'SupplierAdmin', 'Supplier Administrator', 'SUPPLIER', 'SUPPLIER');

insert into USER_TYPE(USER_TYPE_OID, USER_TYPE_ID, USER_TYPE_DESC, GROUP_TYPE, ROLE_TYPE)
VALUES(4, 'BuyerUser', 'Buyer Ordinary User', 'BUYER', 'BUYER');

insert into USER_TYPE(USER_TYPE_OID, USER_TYPE_ID, USER_TYPE_DESC, GROUP_TYPE, ROLE_TYPE)
VALUES(5, 'SupplierUser', 'Supplier Ordinary User', 'SUPPLIER', 'SUPPLIER');

insert into USER_TYPE(USER_TYPE_OID, USER_TYPE_ID, USER_TYPE_DESC, GROUP_TYPE, ROLE_TYPE)
VALUES(6, 'StoreAdmin', 'Buyer Store Administrator', NULL, 'BUYER');

insert into USER_TYPE(USER_TYPE_OID, USER_TYPE_ID, USER_TYPE_DESC, GROUP_TYPE, ROLE_TYPE)
VALUES(7, 'StoreUser', 'Buyer Store Ordinary User', NULL, 'BUYER');

insert into PARENT_USER_TYPE(USER_TYPE_OID, PARENT_USER_TYPE_OID) VALUES(1, 1);
insert into PARENT_USER_TYPE(USER_TYPE_OID, PARENT_USER_TYPE_OID) VALUES(2, 1);
insert into PARENT_USER_TYPE(USER_TYPE_OID, PARENT_USER_TYPE_OID) VALUES(3, 1);
insert into PARENT_USER_TYPE(USER_TYPE_OID, PARENT_USER_TYPE_OID) VALUES(3, 2);
insert into PARENT_USER_TYPE(USER_TYPE_OID, PARENT_USER_TYPE_OID) VALUES(4, 1);
insert into PARENT_USER_TYPE(USER_TYPE_OID, PARENT_USER_TYPE_OID) VALUES(4, 2);
insert into PARENT_USER_TYPE(USER_TYPE_OID, PARENT_USER_TYPE_OID) VALUES(5, 1);
insert into PARENT_USER_TYPE(USER_TYPE_OID, PARENT_USER_TYPE_OID) VALUES(5, 2);
insert into PARENT_USER_TYPE(USER_TYPE_OID, PARENT_USER_TYPE_OID) VALUES(5, 3);
insert into PARENT_USER_TYPE(USER_TYPE_OID, PARENT_USER_TYPE_OID) VALUES(6, 1);
insert into PARENT_USER_TYPE(USER_TYPE_OID, PARENT_USER_TYPE_OID) VALUES(7, 1);
insert into PARENT_USER_TYPE(USER_TYPE_OID, PARENT_USER_TYPE_OID) VALUES(7, 6);


-- User Type Operation Definitions
-- Administrator
insert into USER_TYPE_OPERATION(USER_TYPE_OID, OPN_ID) VALUES(1, '100001');
insert into USER_TYPE_OPERATION(USER_TYPE_OID, OPN_ID) VALUES(1, '100002');
insert into USER_TYPE_OPERATION(USER_TYPE_OID, OPN_ID) VALUES(1, '100003');
insert into USER_TYPE_OPERATION(USER_TYPE_OID, OPN_ID) VALUES(1, '100004');
insert into USER_TYPE_OPERATION(USER_TYPE_OID, OPN_ID) VALUES(1, '100005');
insert into USER_TYPE_OPERATION(USER_TYPE_OID, OPN_ID) VALUES(1, '100006');
insert into USER_TYPE_OPERATION(USER_TYPE_OID, OPN_ID) VALUES(1, '100007');
insert into USER_TYPE_OPERATION(USER_TYPE_OID, OPN_ID) VALUES(1, '100008');
insert into USER_TYPE_OPERATION(USER_TYPE_OID, OPN_ID) VALUES(1, '100009');
insert into USER_TYPE_OPERATION(USER_TYPE_OID, OPN_ID) VALUES(1, '100010');
insert into USER_TYPE_OPERATION(USER_TYPE_OID, OPN_ID) VALUES(1, '100011');
insert into USER_TYPE_OPERATION(USER_TYPE_OID, OPN_ID) VALUES(1, '100012');
insert into USER_TYPE_OPERATION(USER_TYPE_OID, OPN_ID) VALUES(1, '100013');
insert into USER_TYPE_OPERATION(USER_TYPE_OID, OPN_ID) VALUES(1, '100014');
insert into USER_TYPE_OPERATION(USER_TYPE_OID, OPN_ID) VALUES(1, '100015');
insert into USER_TYPE_OPERATION(USER_TYPE_OID, OPN_ID) VALUES(2, '100014');
insert into USER_TYPE_OPERATION(USER_TYPE_OID, OPN_ID) VALUES(2, '100015');
insert into USER_TYPE_OPERATION(USER_TYPE_OID, OPN_ID) VALUES(1, '100016');
insert into USER_TYPE_OPERATION(USER_TYPE_OID, OPN_ID) VALUES(1, '100017');
insert into USER_TYPE_OPERATION(USER_TYPE_OID, OPN_ID) VALUES(1, '100018');
insert into USER_TYPE_OPERATION(USER_TYPE_OID, OPN_ID) VALUES(1, '100019');

-- Role Management
insert into USER_TYPE_OPERATION(USER_TYPE_OID, OPN_ID) VALUES(1, '200001');
insert into USER_TYPE_OPERATION(USER_TYPE_OID, OPN_ID) VALUES(1, '200002');
insert into USER_TYPE_OPERATION(USER_TYPE_OID, OPN_ID) VALUES(1, '200003');
insert into USER_TYPE_OPERATION(USER_TYPE_OID, OPN_ID) VALUES(1, '200004');
insert into USER_TYPE_OPERATION(USER_TYPE_OID, OPN_ID) VALUES(1, '200005');
insert into USER_TYPE_OPERATION(USER_TYPE_OID, OPN_ID) VALUES(1, '200006');
insert into USER_TYPE_OPERATION(USER_TYPE_OID, OPN_ID) VALUES(1, '200007');
insert into USER_TYPE_OPERATION(USER_TYPE_OID, OPN_ID) VALUES(1, '200008');

insert into USER_TYPE_OPERATION(USER_TYPE_OID, OPN_ID) VALUES(2, '200001');
insert into USER_TYPE_OPERATION(USER_TYPE_OID, OPN_ID) VALUES(2, '200002');
insert into USER_TYPE_OPERATION(USER_TYPE_OID, OPN_ID) VALUES(2, '200003');
insert into USER_TYPE_OPERATION(USER_TYPE_OID, OPN_ID) VALUES(2, '200004');
insert into USER_TYPE_OPERATION(USER_TYPE_OID, OPN_ID) VALUES(2, '200005');
insert into USER_TYPE_OPERATION(USER_TYPE_OID, OPN_ID) VALUES(2, '200006');
insert into USER_TYPE_OPERATION(USER_TYPE_OID, OPN_ID) VALUES(2, '200007');
insert into USER_TYPE_OPERATION(USER_TYPE_OID, OPN_ID) VALUES(2, '200008');

insert into USER_TYPE_OPERATION(USER_TYPE_OID, OPN_ID) VALUES(3, '200001');
insert into USER_TYPE_OPERATION(USER_TYPE_OID, OPN_ID) VALUES(3, '200002');
insert into USER_TYPE_OPERATION(USER_TYPE_OID, OPN_ID) VALUES(3, '200003');
insert into USER_TYPE_OPERATION(USER_TYPE_OID, OPN_ID) VALUES(3, '200004');
insert into USER_TYPE_OPERATION(USER_TYPE_OID, OPN_ID) VALUES(3, '200005');
insert into USER_TYPE_OPERATION(USER_TYPE_OID, OPN_ID) VALUES(3, '200006');
insert into USER_TYPE_OPERATION(USER_TYPE_OID, OPN_ID) VALUES(3, '200007');
insert into USER_TYPE_OPERATION(USER_TYPE_OID, OPN_ID) VALUES(3, '200008');

insert into USER_TYPE_OPERATION(USER_TYPE_OID, OPN_ID) VALUES(6, '200001');
insert into USER_TYPE_OPERATION(USER_TYPE_OID, OPN_ID) VALUES(6, '200002');
insert into USER_TYPE_OPERATION(USER_TYPE_OID, OPN_ID) VALUES(6, '200003');
insert into USER_TYPE_OPERATION(USER_TYPE_OID, OPN_ID) VALUES(6, '200004');
insert into USER_TYPE_OPERATION(USER_TYPE_OID, OPN_ID) VALUES(6, '200005');
insert into USER_TYPE_OPERATION(USER_TYPE_OID, OPN_ID) VALUES(6, '200006');
insert into USER_TYPE_OPERATION(USER_TYPE_OID, OPN_ID) VALUES(6, '200007');
insert into USER_TYPE_OPERATION(USER_TYPE_OID, OPN_ID) VALUES(6, '200008');


-- User Management
-- User Profile
insert into USER_TYPE_OPERATION(USER_TYPE_OID, OPN_ID) VALUES(1, '300101');
insert into USER_TYPE_OPERATION(USER_TYPE_OID, OPN_ID) VALUES(1, '300102');
insert into USER_TYPE_OPERATION(USER_TYPE_OID, OPN_ID) VALUES(1, '300103');
insert into USER_TYPE_OPERATION(USER_TYPE_OID, OPN_ID) VALUES(1, '300104');
insert into USER_TYPE_OPERATION(USER_TYPE_OID, OPN_ID) VALUES(1, '300105');
insert into USER_TYPE_OPERATION(USER_TYPE_OID, OPN_ID) VALUES(1, '300106');
insert into USER_TYPE_OPERATION(USER_TYPE_OID, OPN_ID) VALUES(1, '300107');
insert into USER_TYPE_OPERATION(USER_TYPE_OID, OPN_ID) VALUES(1, '300108');

insert into USER_TYPE_OPERATION(USER_TYPE_OID, OPN_ID) VALUES(2, '300101');
insert into USER_TYPE_OPERATION(USER_TYPE_OID, OPN_ID) VALUES(2, '300102');
insert into USER_TYPE_OPERATION(USER_TYPE_OID, OPN_ID) VALUES(2, '300103');
insert into USER_TYPE_OPERATION(USER_TYPE_OID, OPN_ID) VALUES(2, '300104');
insert into USER_TYPE_OPERATION(USER_TYPE_OID, OPN_ID) VALUES(2, '300105');
insert into USER_TYPE_OPERATION(USER_TYPE_OID, OPN_ID) VALUES(2, '300106');
insert into USER_TYPE_OPERATION(USER_TYPE_OID, OPN_ID) VALUES(2, '300107');
insert into USER_TYPE_OPERATION(USER_TYPE_OID, OPN_ID) VALUES(2, '300108');

insert into USER_TYPE_OPERATION(USER_TYPE_OID, OPN_ID) VALUES(3, '300101');
insert into USER_TYPE_OPERATION(USER_TYPE_OID, OPN_ID) VALUES(3, '300102');
insert into USER_TYPE_OPERATION(USER_TYPE_OID, OPN_ID) VALUES(3, '300103');
insert into USER_TYPE_OPERATION(USER_TYPE_OID, OPN_ID) VALUES(3, '300104');
insert into USER_TYPE_OPERATION(USER_TYPE_OID, OPN_ID) VALUES(3, '300105');
insert into USER_TYPE_OPERATION(USER_TYPE_OID, OPN_ID) VALUES(3, '300106');
insert into USER_TYPE_OPERATION(USER_TYPE_OID, OPN_ID) VALUES(3, '300107');
insert into USER_TYPE_OPERATION(USER_TYPE_OID, OPN_ID) VALUES(3, '300108');

insert into USER_TYPE_OPERATION(USER_TYPE_OID, OPN_ID) VALUES(6, '300101');
insert into USER_TYPE_OPERATION(USER_TYPE_OID, OPN_ID) VALUES(6, '300102');
insert into USER_TYPE_OPERATION(USER_TYPE_OID, OPN_ID) VALUES(6, '300103');
insert into USER_TYPE_OPERATION(USER_TYPE_OID, OPN_ID) VALUES(6, '300104');
insert into USER_TYPE_OPERATION(USER_TYPE_OID, OPN_ID) VALUES(6, '300105');
insert into USER_TYPE_OPERATION(USER_TYPE_OID, OPN_ID) VALUES(6, '300106');
insert into USER_TYPE_OPERATION(USER_TYPE_OID, OPN_ID) VALUES(6, '300107');
insert into USER_TYPE_OPERATION(USER_TYPE_OID, OPN_ID) VALUES(6, '300108');

-- AD User import
insert into USER_TYPE_OPERATION(USER_TYPE_OID, OPN_ID) VALUES(2, '300201');


-- Group Management
insert into USER_TYPE_OPERATION(USER_TYPE_OID, OPN_ID) VALUES(1, '400001');
insert into USER_TYPE_OPERATION(USER_TYPE_OID, OPN_ID) VALUES(1, '400002');
insert into USER_TYPE_OPERATION(USER_TYPE_OID, OPN_ID) VALUES(1, '400003');
insert into USER_TYPE_OPERATION(USER_TYPE_OID, OPN_ID) VALUES(1, '400004');
insert into USER_TYPE_OPERATION(USER_TYPE_OID, OPN_ID) VALUES(1, '400005');
insert into USER_TYPE_OPERATION(USER_TYPE_OID, OPN_ID) VALUES(1, '400006');
insert into USER_TYPE_OPERATION(USER_TYPE_OID, OPN_ID) VALUES(1, '400007');
insert into USER_TYPE_OPERATION(USER_TYPE_OID, OPN_ID) VALUES(1, '400008');

insert into USER_TYPE_OPERATION(USER_TYPE_OID, OPN_ID) VALUES(2, '400001');
insert into USER_TYPE_OPERATION(USER_TYPE_OID, OPN_ID) VALUES(2, '400002');
insert into USER_TYPE_OPERATION(USER_TYPE_OID, OPN_ID) VALUES(2, '400003');
insert into USER_TYPE_OPERATION(USER_TYPE_OID, OPN_ID) VALUES(2, '400004');
insert into USER_TYPE_OPERATION(USER_TYPE_OID, OPN_ID) VALUES(2, '400005');
insert into USER_TYPE_OPERATION(USER_TYPE_OID, OPN_ID) VALUES(2, '400006');
insert into USER_TYPE_OPERATION(USER_TYPE_OID, OPN_ID) VALUES(2, '400007');
insert into USER_TYPE_OPERATION(USER_TYPE_OID, OPN_ID) VALUES(2, '400008');

insert into USER_TYPE_OPERATION(USER_TYPE_OID, OPN_ID) VALUES(3, '400001');
insert into USER_TYPE_OPERATION(USER_TYPE_OID, OPN_ID) VALUES(3, '400002');
insert into USER_TYPE_OPERATION(USER_TYPE_OID, OPN_ID) VALUES(3, '400003');
insert into USER_TYPE_OPERATION(USER_TYPE_OID, OPN_ID) VALUES(3, '400004');
insert into USER_TYPE_OPERATION(USER_TYPE_OID, OPN_ID) VALUES(3, '400005');
insert into USER_TYPE_OPERATION(USER_TYPE_OID, OPN_ID) VALUES(3, '400006');
insert into USER_TYPE_OPERATION(USER_TYPE_OID, OPN_ID) VALUES(3, '400007');
insert into USER_TYPE_OPERATION(USER_TYPE_OID, OPN_ID) VALUES(3, '400008');



-- Buyer Profile
insert into USER_TYPE_OPERATION(USER_TYPE_OID, OPN_ID) VALUES(1, '500101');
insert into USER_TYPE_OPERATION(USER_TYPE_OID, OPN_ID) VALUES(1, '500102');
insert into USER_TYPE_OPERATION(USER_TYPE_OID, OPN_ID) VALUES(1, '500103');
insert into USER_TYPE_OPERATION(USER_TYPE_OID, OPN_ID) VALUES(1, '500104');
insert into USER_TYPE_OPERATION(USER_TYPE_OID, OPN_ID) VALUES(1, '500105');
insert into USER_TYPE_OPERATION(USER_TYPE_OID, OPN_ID) VALUES(1, '500106');
insert into USER_TYPE_OPERATION(USER_TYPE_OID, OPN_ID) VALUES(1, '500107');
insert into USER_TYPE_OPERATION(USER_TYPE_OID, OPN_ID) VALUES(1, '500108');

insert into USER_TYPE_OPERATION(USER_TYPE_OID, OPN_ID) VALUES(2, '500101');
insert into USER_TYPE_OPERATION(USER_TYPE_OID, OPN_ID) VALUES(2, '500103');
insert into USER_TYPE_OPERATION(USER_TYPE_OID, OPN_ID) VALUES(2, '500104');
insert into USER_TYPE_OPERATION(USER_TYPE_OID, OPN_ID) VALUES(2, '500106');
insert into USER_TYPE_OPERATION(USER_TYPE_OID, OPN_ID) VALUES(2, '500107');
insert into USER_TYPE_OPERATION(USER_TYPE_OID, OPN_ID) VALUES(2, '500108');

insert into USER_TYPE_OPERATION(USER_TYPE_OID, OPN_ID) VALUES(3, '500101');
insert into USER_TYPE_OPERATION(USER_TYPE_OID, OPN_ID) VALUES(3, '500103');
insert into USER_TYPE_OPERATION(USER_TYPE_OID, OPN_ID) VALUES(3, '500108');

insert into USER_TYPE_OPERATION(USER_TYPE_OID, OPN_ID) VALUES(4, '500101');
insert into USER_TYPE_OPERATION(USER_TYPE_OID, OPN_ID) VALUES(4, '500103');
insert into USER_TYPE_OPERATION(USER_TYPE_OID, OPN_ID) VALUES(4, '500108');

insert into USER_TYPE_OPERATION(USER_TYPE_OID, OPN_ID) VALUES(5, '500101');
insert into USER_TYPE_OPERATION(USER_TYPE_OID, OPN_ID) VALUES(5, '500103');
insert into USER_TYPE_OPERATION(USER_TYPE_OID, OPN_ID) VALUES(5, '500108');

insert into USER_TYPE_OPERATION(USER_TYPE_OID, OPN_ID) VALUES(6, '500101');
insert into USER_TYPE_OPERATION(USER_TYPE_OID, OPN_ID) VALUES(6, '500103');
insert into USER_TYPE_OPERATION(USER_TYPE_OID, OPN_ID) VALUES(6, '500108');

insert into USER_TYPE_OPERATION(USER_TYPE_OID, OPN_ID) VALUES(7, '500101');
insert into USER_TYPE_OPERATION(USER_TYPE_OID, OPN_ID) VALUES(7, '500103');
insert into USER_TYPE_OPERATION(USER_TYPE_OID, OPN_ID) VALUES(7, '500108');



-- Buyer Store
insert into USER_TYPE_OPERATION(USER_TYPE_OID, OPN_ID) VALUES(2, '500201');
insert into USER_TYPE_OPERATION(USER_TYPE_OID, OPN_ID) VALUES(2, '500202');
insert into USER_TYPE_OPERATION(USER_TYPE_OID, OPN_ID) VALUES(2, '500203');
insert into USER_TYPE_OPERATION(USER_TYPE_OID, OPN_ID) VALUES(2, '500204');


insert into USER_TYPE_OPERATION(USER_TYPE_OID, OPN_ID) VALUES(4, '500201');
insert into USER_TYPE_OPERATION(USER_TYPE_OID, OPN_ID) VALUES(4, '500202');


insert into USER_TYPE_OPERATION(USER_TYPE_OID, OPN_ID) VALUES(6, '500201');
insert into USER_TYPE_OPERATION(USER_TYPE_OID, OPN_ID) VALUES(6, '500202');
insert into USER_TYPE_OPERATION(USER_TYPE_OID, OPN_ID) VALUES(6, '500203');
insert into USER_TYPE_OPERATION(USER_TYPE_OID, OPN_ID) VALUES(6, '500204');

insert into USER_TYPE_OPERATION(USER_TYPE_OID, OPN_ID) VALUES(7, '500201');
insert into USER_TYPE_OPERATION(USER_TYPE_OID, OPN_ID) VALUES(7, '500202');


insert into USER_TYPE_OPERATION(USER_TYPE_OID, OPN_ID) VALUES(3, '500201');
insert into USER_TYPE_OPERATION(USER_TYPE_OID, OPN_ID) VALUES(3, '500202');
insert into USER_TYPE_OPERATION(USER_TYPE_OID, OPN_ID) VALUES(3, '500204');
insert into USER_TYPE_OPERATION(USER_TYPE_OID, OPN_ID) VALUES(5, '500201');
insert into USER_TYPE_OPERATION(USER_TYPE_OID, OPN_ID) VALUES(5, '500202');
insert into USER_TYPE_OPERATION(USER_TYPE_OID, OPN_ID) VALUES(5, '500204');


-- Supplier Profile
insert into USER_TYPE_OPERATION(USER_TYPE_OID, OPN_ID) VALUES(1, '600101');
insert into USER_TYPE_OPERATION(USER_TYPE_OID, OPN_ID) VALUES(1, '600102');
insert into USER_TYPE_OPERATION(USER_TYPE_OID, OPN_ID) VALUES(1, '600103');
insert into USER_TYPE_OPERATION(USER_TYPE_OID, OPN_ID) VALUES(1, '600104');
insert into USER_TYPE_OPERATION(USER_TYPE_OID, OPN_ID) VALUES(1, '600105');
insert into USER_TYPE_OPERATION(USER_TYPE_OID, OPN_ID) VALUES(1, '600106');
insert into USER_TYPE_OPERATION(USER_TYPE_OID, OPN_ID) VALUES(1, '600107');
insert into USER_TYPE_OPERATION(USER_TYPE_OID, OPN_ID) VALUES(1, '600109');

insert into USER_TYPE_OPERATION(USER_TYPE_OID, OPN_ID) VALUES(2, '600101');
insert into USER_TYPE_OPERATION(USER_TYPE_OID, OPN_ID) VALUES(2, '600102');
insert into USER_TYPE_OPERATION(USER_TYPE_OID, OPN_ID) VALUES(2, '600103');
insert into USER_TYPE_OPERATION(USER_TYPE_OID, OPN_ID) VALUES(2, '600104');
insert into USER_TYPE_OPERATION(USER_TYPE_OID, OPN_ID) VALUES(2, '600105');
insert into USER_TYPE_OPERATION(USER_TYPE_OID, OPN_ID) VALUES(2, '600106');
insert into USER_TYPE_OPERATION(USER_TYPE_OID, OPN_ID) VALUES(2, '600107');
insert into USER_TYPE_OPERATION(USER_TYPE_OID, OPN_ID) VALUES(2, '600109');

insert into USER_TYPE_OPERATION(USER_TYPE_OID, OPN_ID) VALUES(3, '600101');
insert into USER_TYPE_OPERATION(USER_TYPE_OID, OPN_ID) VALUES(3, '600103');
insert into USER_TYPE_OPERATION(USER_TYPE_OID, OPN_ID) VALUES(3, '600104');
insert into USER_TYPE_OPERATION(USER_TYPE_OID, OPN_ID) VALUES(3, '600106');
insert into USER_TYPE_OPERATION(USER_TYPE_OID, OPN_ID) VALUES(3, '600107');
insert into USER_TYPE_OPERATION(USER_TYPE_OID, OPN_ID) VALUES(3, '600109');

insert into USER_TYPE_OPERATION(USER_TYPE_OID, OPN_ID) VALUES(4, '600101');
insert into USER_TYPE_OPERATION(USER_TYPE_OID, OPN_ID) VALUES(4, '600103');
insert into USER_TYPE_OPERATION(USER_TYPE_OID, OPN_ID) VALUES(4, '600109');

insert into USER_TYPE_OPERATION(USER_TYPE_OID, OPN_ID) VALUES(5, '600101');
insert into USER_TYPE_OPERATION(USER_TYPE_OID, OPN_ID) VALUES(5, '600103');
insert into USER_TYPE_OPERATION(USER_TYPE_OID, OPN_ID) VALUES(5, '600109');

insert into USER_TYPE_OPERATION(USER_TYPE_OID, OPN_ID) VALUES(6, '600101');
insert into USER_TYPE_OPERATION(USER_TYPE_OID, OPN_ID) VALUES(6, '600103');
insert into USER_TYPE_OPERATION(USER_TYPE_OID, OPN_ID) VALUES(6, '600109');

insert into USER_TYPE_OPERATION(USER_TYPE_OID, OPN_ID) VALUES(7, '600101');
insert into USER_TYPE_OPERATION(USER_TYPE_OID, OPN_ID) VALUES(7, '600103');
insert into USER_TYPE_OPERATION(USER_TYPE_OID, OPN_ID) VALUES(7, '600109');



-- Trading Partner
insert into USER_TYPE_OPERATION(USER_TYPE_OID, OPN_ID) VALUES(1, '600201');
insert into USER_TYPE_OPERATION(USER_TYPE_OID, OPN_ID) VALUES(1, '600202');
insert into USER_TYPE_OPERATION(USER_TYPE_OID, OPN_ID) VALUES(1, '600203');
insert into USER_TYPE_OPERATION(USER_TYPE_OID, OPN_ID) VALUES(1, '600204');
insert into USER_TYPE_OPERATION(USER_TYPE_OID, OPN_ID) VALUES(1, '600205');

insert into USER_TYPE_OPERATION(USER_TYPE_OID, OPN_ID) VALUES(2, '600201');
insert into USER_TYPE_OPERATION(USER_TYPE_OID, OPN_ID) VALUES(2, '600202');
insert into USER_TYPE_OPERATION(USER_TYPE_OID, OPN_ID) VALUES(2, '600203');
insert into USER_TYPE_OPERATION(USER_TYPE_OID, OPN_ID) VALUES(2, '600204');
insert into USER_TYPE_OPERATION(USER_TYPE_OID, OPN_ID) VALUES(2, '600205');

insert into USER_TYPE_OPERATION(USER_TYPE_OID, OPN_ID) VALUES(3, '600201');
insert into USER_TYPE_OPERATION(USER_TYPE_OID, OPN_ID) VALUES(3, '600202');
insert into USER_TYPE_OPERATION(USER_TYPE_OID, OPN_ID) VALUES(3, '600203');
insert into USER_TYPE_OPERATION(USER_TYPE_OID, OPN_ID) VALUES(3, '600204');
insert into USER_TYPE_OPERATION(USER_TYPE_OID, OPN_ID) VALUES(3, '600205');

-- Log File
insert into USER_TYPE_OPERATION(USER_TYPE_OID, OPN_ID) VALUES(1, '700101');
insert into USER_TYPE_OPERATION(USER_TYPE_OID, OPN_ID) VALUES(1, '700102');
insert into USER_TYPE_OPERATION(USER_TYPE_OID, OPN_ID) VALUES(1, '700103');

insert into USER_TYPE_OPERATION(USER_TYPE_OID, OPN_ID) VALUES(2, '700101');
insert into USER_TYPE_OPERATION(USER_TYPE_OID, OPN_ID) VALUES(2, '700102');
insert into USER_TYPE_OPERATION(USER_TYPE_OID, OPN_ID) VALUES(2, '700103');

insert into USER_TYPE_OPERATION(USER_TYPE_OID, OPN_ID) VALUES(3, '700101');
insert into USER_TYPE_OPERATION(USER_TYPE_OID, OPN_ID) VALUES(3, '700102');
insert into USER_TYPE_OPERATION(USER_TYPE_OID, OPN_ID) VALUES(3, '700103');

-- Audit Trail
insert into USER_TYPE_OPERATION(USER_TYPE_OID, OPN_ID) VALUES(1, '800101');
insert into USER_TYPE_OPERATION(USER_TYPE_OID, OPN_ID) VALUES(1, '800102');

insert into USER_TYPE_OPERATION(USER_TYPE_OID, OPN_ID) VALUES(2, '800101');
insert into USER_TYPE_OPERATION(USER_TYPE_OID, OPN_ID) VALUES(2, '800102');

insert into USER_TYPE_OPERATION(USER_TYPE_OID, OPN_ID) VALUES(3, '800101');
insert into USER_TYPE_OPERATION(USER_TYPE_OID, OPN_ID) VALUES(3, '800102');

-- System access
insert into USER_TYPE_OPERATION(USER_TYPE_OID, OPN_ID) VALUES(1, '800201');
insert into USER_TYPE_OPERATION(USER_TYPE_OID, OPN_ID) VALUES(1, '800202');

insert into USER_TYPE_OPERATION(USER_TYPE_OID, OPN_ID) VALUES(2, '800201');
insert into USER_TYPE_OPERATION(USER_TYPE_OID, OPN_ID) VALUES(2, '800202');

insert into USER_TYPE_OPERATION(USER_TYPE_OID, OPN_ID) VALUES(3, '800201');
insert into USER_TYPE_OPERATION(USER_TYPE_OID, OPN_ID) VALUES(3, '800202');

-- Purchase Order
insert into USER_TYPE_OPERATION(USER_TYPE_OID, OPN_ID) VALUES(2, '900101');
insert into USER_TYPE_OPERATION(USER_TYPE_OID, OPN_ID) VALUES(3, '900101');
insert into USER_TYPE_OPERATION(USER_TYPE_OID, OPN_ID) VALUES(4, '900101');
insert into USER_TYPE_OPERATION(USER_TYPE_OID, OPN_ID) VALUES(5, '900101');
insert into USER_TYPE_OPERATION(USER_TYPE_OID, OPN_ID) VALUES(6, '900101');
insert into USER_TYPE_OPERATION(USER_TYPE_OID, OPN_ID) VALUES(7, '900101');

insert into USER_TYPE_OPERATION(USER_TYPE_OID, OPN_ID) VALUES(3, '900102');
insert into USER_TYPE_OPERATION(USER_TYPE_OID, OPN_ID) VALUES(5, '900102');

insert into USER_TYPE_OPERATION(USER_TYPE_OID, OPN_ID) VALUES(2, '900103');
insert into USER_TYPE_OPERATION(USER_TYPE_OID, OPN_ID) VALUES(3, '900103');
insert into USER_TYPE_OPERATION(USER_TYPE_OID, OPN_ID) VALUES(4, '900103');
insert into USER_TYPE_OPERATION(USER_TYPE_OID, OPN_ID) VALUES(5, '900103');
insert into USER_TYPE_OPERATION(USER_TYPE_OID, OPN_ID) VALUES(6, '900103');
insert into USER_TYPE_OPERATION(USER_TYPE_OID, OPN_ID) VALUES(7, '900103');

insert into USER_TYPE_OPERATION(USER_TYPE_OID, OPN_ID) VALUES(2, '900104');
insert into USER_TYPE_OPERATION(USER_TYPE_OID, OPN_ID) VALUES(3, '900104');
insert into USER_TYPE_OPERATION(USER_TYPE_OID, OPN_ID) VALUES(4, '900104');
insert into USER_TYPE_OPERATION(USER_TYPE_OID, OPN_ID) VALUES(5, '900104');
insert into USER_TYPE_OPERATION(USER_TYPE_OID, OPN_ID) VALUES(6, '900104');
insert into USER_TYPE_OPERATION(USER_TYPE_OID, OPN_ID) VALUES(7, '900104');

insert into USER_TYPE_OPERATION(USER_TYPE_OID, OPN_ID) VALUES(2, '900105');
insert into USER_TYPE_OPERATION(USER_TYPE_OID, OPN_ID) VALUES(4, '900105');

insert into USER_TYPE_OPERATION(USER_TYPE_OID, OPN_ID) VALUES(2, '900106');
insert into USER_TYPE_OPERATION(USER_TYPE_OID, OPN_ID) VALUES(3, '900106');
insert into USER_TYPE_OPERATION(USER_TYPE_OID, OPN_ID) VALUES(4, '900106');
insert into USER_TYPE_OPERATION(USER_TYPE_OID, OPN_ID) VALUES(5, '900106');
insert into USER_TYPE_OPERATION(USER_TYPE_OID, OPN_ID) VALUES(6, '900106');
insert into USER_TYPE_OPERATION(USER_TYPE_OID, OPN_ID) VALUES(7, '900106');


-- Supplier Set
insert into USER_TYPE_OPERATION(USER_TYPE_OID, OPN_ID) VALUES(1, '600301');
insert into USER_TYPE_OPERATION(USER_TYPE_OID, OPN_ID) VALUES(1, '600302');
insert into USER_TYPE_OPERATION(USER_TYPE_OID, OPN_ID) VALUES(1, '600303');
insert into USER_TYPE_OPERATION(USER_TYPE_OID, OPN_ID) VALUES(1, '600304');
insert into USER_TYPE_OPERATION(USER_TYPE_OID, OPN_ID) VALUES(1, '600305');
insert into USER_TYPE_OPERATION(USER_TYPE_OID, OPN_ID) VALUES(2, '600301');
insert into USER_TYPE_OPERATION(USER_TYPE_OID, OPN_ID) VALUES(2, '600302');
insert into USER_TYPE_OPERATION(USER_TYPE_OID, OPN_ID) VALUES(2, '600303');
insert into USER_TYPE_OPERATION(USER_TYPE_OID, OPN_ID) VALUES(2, '600304');
insert into USER_TYPE_OPERATION(USER_TYPE_OID, OPN_ID) VALUES(2, '600305');

-- Return to Vendor
insert into USER_TYPE_OPERATION(USER_TYPE_OID, OPN_ID) VALUES(2, '900201');
insert into USER_TYPE_OPERATION(USER_TYPE_OID, OPN_ID) VALUES(3, '900201');
insert into USER_TYPE_OPERATION(USER_TYPE_OID, OPN_ID) VALUES(4, '900201');
insert into USER_TYPE_OPERATION(USER_TYPE_OID, OPN_ID) VALUES(5, '900201');
insert into USER_TYPE_OPERATION(USER_TYPE_OID, OPN_ID) VALUES(6, '900201');
insert into USER_TYPE_OPERATION(USER_TYPE_OID, OPN_ID) VALUES(7, '900201');

insert into USER_TYPE_OPERATION(USER_TYPE_OID, OPN_ID) VALUES(2, '900202');
insert into USER_TYPE_OPERATION(USER_TYPE_OID, OPN_ID) VALUES(3, '900202');
insert into USER_TYPE_OPERATION(USER_TYPE_OID, OPN_ID) VALUES(4, '900202');
insert into USER_TYPE_OPERATION(USER_TYPE_OID, OPN_ID) VALUES(5, '900202');
insert into USER_TYPE_OPERATION(USER_TYPE_OID, OPN_ID) VALUES(6, '900202');
insert into USER_TYPE_OPERATION(USER_TYPE_OID, OPN_ID) VALUES(7, '900202');

insert into USER_TYPE_OPERATION(USER_TYPE_OID, OPN_ID) VALUES(2, '900203');
insert into USER_TYPE_OPERATION(USER_TYPE_OID, OPN_ID) VALUES(3, '900203');
insert into USER_TYPE_OPERATION(USER_TYPE_OID, OPN_ID) VALUES(4, '900203');
insert into USER_TYPE_OPERATION(USER_TYPE_OID, OPN_ID) VALUES(5, '900203');
insert into USER_TYPE_OPERATION(USER_TYPE_OID, OPN_ID) VALUES(6, '900203');
insert into USER_TYPE_OPERATION(USER_TYPE_OID, OPN_ID) VALUES(7, '900203');


insert into USER_TYPE_OPERATION(USER_TYPE_OID, OPN_ID) VALUES(2, '900204');
insert into USER_TYPE_OPERATION(USER_TYPE_OID, OPN_ID) VALUES(3, '900204');
insert into USER_TYPE_OPERATION(USER_TYPE_OID, OPN_ID) VALUES(4, '900204');
insert into USER_TYPE_OPERATION(USER_TYPE_OID, OPN_ID) VALUES(5, '900204');
insert into USER_TYPE_OPERATION(USER_TYPE_OID, OPN_ID) VALUES(6, '900204');
insert into USER_TYPE_OPERATION(USER_TYPE_OID, OPN_ID) VALUES(7, '900204');

-- Goods Receipt Note
insert into USER_TYPE_OPERATION(USER_TYPE_OID, OPN_ID) VALUES(2, '900301');
insert into USER_TYPE_OPERATION(USER_TYPE_OID, OPN_ID) VALUES(3, '900301');
insert into USER_TYPE_OPERATION(USER_TYPE_OID, OPN_ID) VALUES(4, '900301');
insert into USER_TYPE_OPERATION(USER_TYPE_OID, OPN_ID) VALUES(5, '900301');
insert into USER_TYPE_OPERATION(USER_TYPE_OID, OPN_ID) VALUES(6, '900301');
insert into USER_TYPE_OPERATION(USER_TYPE_OID, OPN_ID) VALUES(7, '900301');

insert into USER_TYPE_OPERATION(USER_TYPE_OID, OPN_ID) VALUES(2, '900302');
insert into USER_TYPE_OPERATION(USER_TYPE_OID, OPN_ID) VALUES(3, '900302');
insert into USER_TYPE_OPERATION(USER_TYPE_OID, OPN_ID) VALUES(4, '900302');
insert into USER_TYPE_OPERATION(USER_TYPE_OID, OPN_ID) VALUES(5, '900302');
insert into USER_TYPE_OPERATION(USER_TYPE_OID, OPN_ID) VALUES(6, '900302');
insert into USER_TYPE_OPERATION(USER_TYPE_OID, OPN_ID) VALUES(7, '900302');

insert into USER_TYPE_OPERATION(USER_TYPE_OID, OPN_ID) VALUES(2, '900303');
insert into USER_TYPE_OPERATION(USER_TYPE_OID, OPN_ID) VALUES(4, '900303');
insert into USER_TYPE_OPERATION(USER_TYPE_OID, OPN_ID) VALUES(6, '900303');
insert into USER_TYPE_OPERATION(USER_TYPE_OID, OPN_ID) VALUES(7, '900303');

insert into USER_TYPE_OPERATION(USER_TYPE_OID, OPN_ID) VALUES(3, '900304');
insert into USER_TYPE_OPERATION(USER_TYPE_OID, OPN_ID) VALUES(5, '900304');

insert into USER_TYPE_OPERATION(USER_TYPE_OID, OPN_ID) VALUES(2, '900305');
insert into USER_TYPE_OPERATION(USER_TYPE_OID, OPN_ID) VALUES(3, '900305');
insert into USER_TYPE_OPERATION(USER_TYPE_OID, OPN_ID) VALUES(4, '900305');
insert into USER_TYPE_OPERATION(USER_TYPE_OID, OPN_ID) VALUES(5, '900305');
insert into USER_TYPE_OPERATION(USER_TYPE_OID, OPN_ID) VALUES(6, '900305');
insert into USER_TYPE_OPERATION(USER_TYPE_OID, OPN_ID) VALUES(7, '900305');

insert into USER_TYPE_OPERATION(USER_TYPE_OID, OPN_ID) VALUES(2, '900306');
insert into USER_TYPE_OPERATION(USER_TYPE_OID, OPN_ID) VALUES(3, '900306');
insert into USER_TYPE_OPERATION(USER_TYPE_OID, OPN_ID) VALUES(4, '900306');
insert into USER_TYPE_OPERATION(USER_TYPE_OID, OPN_ID) VALUES(5, '900306');
insert into USER_TYPE_OPERATION(USER_TYPE_OID, OPN_ID) VALUES(6, '900306');
insert into USER_TYPE_OPERATION(USER_TYPE_OID, OPN_ID) VALUES(7, '900306');


-- E-Invoice
insert into USER_TYPE_OPERATION(USER_TYPE_OID, OPN_ID) VALUES(2, '900401');
insert into USER_TYPE_OPERATION(USER_TYPE_OID, OPN_ID) VALUES(3, '900401');
insert into USER_TYPE_OPERATION(USER_TYPE_OID, OPN_ID) VALUES(4, '900401');
insert into USER_TYPE_OPERATION(USER_TYPE_OID, OPN_ID) VALUES(5, '900401');

insert into USER_TYPE_OPERATION(USER_TYPE_OID, OPN_ID) VALUES(2, '900402');
insert into USER_TYPE_OPERATION(USER_TYPE_OID, OPN_ID) VALUES(3, '900402');
insert into USER_TYPE_OPERATION(USER_TYPE_OID, OPN_ID) VALUES(4, '900402');
insert into USER_TYPE_OPERATION(USER_TYPE_OID, OPN_ID) VALUES(5, '900402');

insert into USER_TYPE_OPERATION(USER_TYPE_OID, OPN_ID) VALUES(3, '900403');
insert into USER_TYPE_OPERATION(USER_TYPE_OID, OPN_ID) VALUES(5, '900403');

insert into USER_TYPE_OPERATION(USER_TYPE_OID, OPN_ID) VALUES(3, '900404');
insert into USER_TYPE_OPERATION(USER_TYPE_OID, OPN_ID) VALUES(5, '900404');

insert into USER_TYPE_OPERATION(USER_TYPE_OID, OPN_ID) VALUES(3, '900405');
insert into USER_TYPE_OPERATION(USER_TYPE_OID, OPN_ID) VALUES(5, '900405');

insert into USER_TYPE_OPERATION(USER_TYPE_OID, OPN_ID) VALUES(3, '900406');
insert into USER_TYPE_OPERATION(USER_TYPE_OID, OPN_ID) VALUES(5, '900406');

insert into USER_TYPE_OPERATION(USER_TYPE_OID, OPN_ID) VALUES(2, '900407');
insert into USER_TYPE_OPERATION(USER_TYPE_OID, OPN_ID) VALUES(3, '900407');
insert into USER_TYPE_OPERATION(USER_TYPE_OID, OPN_ID) VALUES(4, '900407');
insert into USER_TYPE_OPERATION(USER_TYPE_OID, OPN_ID) VALUES(5, '900407');

insert into USER_TYPE_OPERATION(USER_TYPE_OID, OPN_ID) VALUES(2, '900408');
insert into USER_TYPE_OPERATION(USER_TYPE_OID, OPN_ID) VALUES(3, '900408');
insert into USER_TYPE_OPERATION(USER_TYPE_OID, OPN_ID) VALUES(4, '900408');
insert into USER_TYPE_OPERATION(USER_TYPE_OID, OPN_ID) VALUES(5, '900408');

-- Debit Note
insert into USER_TYPE_OPERATION(USER_TYPE_OID, OPN_ID) VALUES(2, '900501');
insert into USER_TYPE_OPERATION(USER_TYPE_OID, OPN_ID) VALUES(3, '900501');
insert into USER_TYPE_OPERATION(USER_TYPE_OID, OPN_ID) VALUES(4, '900501');
insert into USER_TYPE_OPERATION(USER_TYPE_OID, OPN_ID) VALUES(5, '900501');
insert into USER_TYPE_OPERATION(USER_TYPE_OID, OPN_ID) VALUES(6, '900501');
insert into USER_TYPE_OPERATION(USER_TYPE_OID, OPN_ID) VALUES(7, '900501');

insert into USER_TYPE_OPERATION(USER_TYPE_OID, OPN_ID) VALUES(2, '900502');
insert into USER_TYPE_OPERATION(USER_TYPE_OID, OPN_ID) VALUES(3, '900502');
insert into USER_TYPE_OPERATION(USER_TYPE_OID, OPN_ID) VALUES(4, '900502');
insert into USER_TYPE_OPERATION(USER_TYPE_OID, OPN_ID) VALUES(5, '900502');
insert into USER_TYPE_OPERATION(USER_TYPE_OID, OPN_ID) VALUES(6, '900502');
insert into USER_TYPE_OPERATION(USER_TYPE_OID, OPN_ID) VALUES(7, '900502');

insert into USER_TYPE_OPERATION(USER_TYPE_OID, OPN_ID) VALUES(2, '900503');
insert into USER_TYPE_OPERATION(USER_TYPE_OID, OPN_ID) VALUES(4, '900503');

insert into USER_TYPE_OPERATION(USER_TYPE_OID, OPN_ID) VALUES(2, '900504');
insert into USER_TYPE_OPERATION(USER_TYPE_OID, OPN_ID) VALUES(4, '900504');

insert into USER_TYPE_OPERATION(USER_TYPE_OID, OPN_ID) VALUES(2, '900505');
insert into USER_TYPE_OPERATION(USER_TYPE_OID, OPN_ID) VALUES(4, '900505');

insert into USER_TYPE_OPERATION(USER_TYPE_OID, OPN_ID) VALUES(2, '900506');
insert into USER_TYPE_OPERATION(USER_TYPE_OID, OPN_ID) VALUES(4, '900506');

insert into USER_TYPE_OPERATION(USER_TYPE_OID, OPN_ID) VALUES(3, '900507');
insert into USER_TYPE_OPERATION(USER_TYPE_OID, OPN_ID) VALUES(5, '900507');

insert into USER_TYPE_OPERATION(USER_TYPE_OID, OPN_ID) VALUES(2, '900508');
insert into USER_TYPE_OPERATION(USER_TYPE_OID, OPN_ID) VALUES(4, '900508');

insert into USER_TYPE_OPERATION(USER_TYPE_OID, OPN_ID) VALUES(2, '900509');
insert into USER_TYPE_OPERATION(USER_TYPE_OID, OPN_ID) VALUES(4, '900509');
insert into USER_TYPE_OPERATION(USER_TYPE_OID, OPN_ID) VALUES(6, '900509');
insert into USER_TYPE_OPERATION(USER_TYPE_OID, OPN_ID) VALUES(7, '900509');

insert into USER_TYPE_OPERATION(USER_TYPE_OID, OPN_ID) VALUES(2, '900510');
insert into USER_TYPE_OPERATION(USER_TYPE_OID, OPN_ID) VALUES(4, '900510');

insert into USER_TYPE_OPERATION(USER_TYPE_OID, OPN_ID) VALUES(2, '900511');
insert into USER_TYPE_OPERATION(USER_TYPE_OID, OPN_ID) VALUES(3, '900511');
insert into USER_TYPE_OPERATION(USER_TYPE_OID, OPN_ID) VALUES(4, '900511');
insert into USER_TYPE_OPERATION(USER_TYPE_OID, OPN_ID) VALUES(5, '900511');
insert into USER_TYPE_OPERATION(USER_TYPE_OID, OPN_ID) VALUES(6, '900511');
insert into USER_TYPE_OPERATION(USER_TYPE_OID, OPN_ID) VALUES(7, '900511');

insert into USER_TYPE_OPERATION(USER_TYPE_OID, OPN_ID) VALUES(2, '900512');
insert into USER_TYPE_OPERATION(USER_TYPE_OID, OPN_ID) VALUES(3, '900512');
insert into USER_TYPE_OPERATION(USER_TYPE_OID, OPN_ID) VALUES(4, '900512');
insert into USER_TYPE_OPERATION(USER_TYPE_OID, OPN_ID) VALUES(5, '900512');
insert into USER_TYPE_OPERATION(USER_TYPE_OID, OPN_ID) VALUES(6, '900512');
insert into USER_TYPE_OPERATION(USER_TYPE_OID, OPN_ID) VALUES(7, '900512');

insert into USER_TYPE_OPERATION(USER_TYPE_OID, OPN_ID) VALUES(2, '900513');
insert into USER_TYPE_OPERATION(USER_TYPE_OID, OPN_ID) VALUES(4, '900513');

-- Delivery Order
insert into USER_TYPE_OPERATION(USER_TYPE_OID, OPN_ID) VALUES(2, '900601');
insert into USER_TYPE_OPERATION(USER_TYPE_OID, OPN_ID) VALUES(3, '900601');
insert into USER_TYPE_OPERATION(USER_TYPE_OID, OPN_ID) VALUES(4, '900601');
insert into USER_TYPE_OPERATION(USER_TYPE_OID, OPN_ID) VALUES(5, '900601');

insert into USER_TYPE_OPERATION(USER_TYPE_OID, OPN_ID) VALUES(2, '900602');
insert into USER_TYPE_OPERATION(USER_TYPE_OID, OPN_ID) VALUES(3, '900602');
insert into USER_TYPE_OPERATION(USER_TYPE_OID, OPN_ID) VALUES(4, '900602');
insert into USER_TYPE_OPERATION(USER_TYPE_OID, OPN_ID) VALUES(5, '900602');

-- Payment Advice
insert into USER_TYPE_OPERATION(USER_TYPE_OID, OPN_ID) VALUES(2, '900701');
insert into USER_TYPE_OPERATION(USER_TYPE_OID, OPN_ID) VALUES(3, '900701');
insert into USER_TYPE_OPERATION(USER_TYPE_OID, OPN_ID) VALUES(4, '900701');
insert into USER_TYPE_OPERATION(USER_TYPE_OID, OPN_ID) VALUES(5, '900701');

insert into USER_TYPE_OPERATION(USER_TYPE_OID, OPN_ID) VALUES(2, '900702');
insert into USER_TYPE_OPERATION(USER_TYPE_OID, OPN_ID) VALUES(3, '900702');
insert into USER_TYPE_OPERATION(USER_TYPE_OID, OPN_ID) VALUES(4, '900702');
insert into USER_TYPE_OPERATION(USER_TYPE_OID, OPN_ID) VALUES(5, '900702');

insert into USER_TYPE_OPERATION(USER_TYPE_OID, OPN_ID) VALUES(2, '900703');
insert into USER_TYPE_OPERATION(USER_TYPE_OID, OPN_ID) VALUES(3, '900703');
insert into USER_TYPE_OPERATION(USER_TYPE_OID, OPN_ID) VALUES(4, '900703');
insert into USER_TYPE_OPERATION(USER_TYPE_OID, OPN_ID) VALUES(5, '900703');

insert into USER_TYPE_OPERATION(USER_TYPE_OID, OPN_ID) VALUES(2, '900704');
insert into USER_TYPE_OPERATION(USER_TYPE_OID, OPN_ID) VALUES(3, '900704');
insert into USER_TYPE_OPERATION(USER_TYPE_OID, OPN_ID) VALUES(4, '900704');
insert into USER_TYPE_OPERATION(USER_TYPE_OID, OPN_ID) VALUES(5, '900704');


-- Item In
insert into USER_TYPE_OPERATION(USER_TYPE_OID, OPN_ID) VALUES(3, '900801');
insert into USER_TYPE_OPERATION(USER_TYPE_OID, OPN_ID) VALUES(5, '900801');
insert into USER_TYPE_OPERATION(USER_TYPE_OID, OPN_ID) VALUES(3, '900802');
insert into USER_TYPE_OPERATION(USER_TYPE_OID, OPN_ID) VALUES(5, '900802');
insert into USER_TYPE_OPERATION(USER_TYPE_OID, OPN_ID) VALUES(3, '900803');
insert into USER_TYPE_OPERATION(USER_TYPE_OID, OPN_ID) VALUES(5, '900803');
insert into USER_TYPE_OPERATION(USER_TYPE_OID, OPN_ID) VALUES(3, '900804');
insert into USER_TYPE_OPERATION(USER_TYPE_OID, OPN_ID) VALUES(5, '900804');
insert into USER_TYPE_OPERATION(USER_TYPE_OID, OPN_ID) VALUES(3, '900805');
insert into USER_TYPE_OPERATION(USER_TYPE_OID, OPN_ID) VALUES(5, '900805');


-- Goods Issue
insert into USER_TYPE_OPERATION(USER_TYPE_OID, OPN_ID) VALUES(2, '901001');
insert into USER_TYPE_OPERATION(USER_TYPE_OID, OPN_ID) VALUES(3, '901001');
insert into USER_TYPE_OPERATION(USER_TYPE_OID, OPN_ID) VALUES(4, '901001');
insert into USER_TYPE_OPERATION(USER_TYPE_OID, OPN_ID) VALUES(5, '901001');
insert into USER_TYPE_OPERATION(USER_TYPE_OID, OPN_ID) VALUES(6, '901001');
insert into USER_TYPE_OPERATION(USER_TYPE_OID, OPN_ID) VALUES(7, '901001');

insert into USER_TYPE_OPERATION(USER_TYPE_OID, OPN_ID) VALUES(2, '901002');
insert into USER_TYPE_OPERATION(USER_TYPE_OID, OPN_ID) VALUES(3, '901002');
insert into USER_TYPE_OPERATION(USER_TYPE_OID, OPN_ID) VALUES(4, '901002');
insert into USER_TYPE_OPERATION(USER_TYPE_OID, OPN_ID) VALUES(5, '901002');
insert into USER_TYPE_OPERATION(USER_TYPE_OID, OPN_ID) VALUES(6, '901002');
insert into USER_TYPE_OPERATION(USER_TYPE_OID, OPN_ID) VALUES(7, '901002');

insert into USER_TYPE_OPERATION(USER_TYPE_OID, OPN_ID) VALUES(2, '901003');
insert into USER_TYPE_OPERATION(USER_TYPE_OID, OPN_ID) VALUES(3, '901003');
insert into USER_TYPE_OPERATION(USER_TYPE_OID, OPN_ID) VALUES(4, '901003');
insert into USER_TYPE_OPERATION(USER_TYPE_OID, OPN_ID) VALUES(5, '901003');
insert into USER_TYPE_OPERATION(USER_TYPE_OID, OPN_ID) VALUES(6, '901003');
insert into USER_TYPE_OPERATION(USER_TYPE_OID, OPN_ID) VALUES(7, '901003');

insert into USER_TYPE_OPERATION(USER_TYPE_OID, OPN_ID) VALUES(2, '901004');
insert into USER_TYPE_OPERATION(USER_TYPE_OID, OPN_ID) VALUES(3, '901004');
insert into USER_TYPE_OPERATION(USER_TYPE_OID, OPN_ID) VALUES(4, '901004');
insert into USER_TYPE_OPERATION(USER_TYPE_OID, OPN_ID) VALUES(5, '901004');
insert into USER_TYPE_OPERATION(USER_TYPE_OID, OPN_ID) VALUES(6, '901004');
insert into USER_TYPE_OPERATION(USER_TYPE_OID, OPN_ID) VALUES(7, '901004');


-- Credit Claim
insert into USER_TYPE_OPERATION(USER_TYPE_OID, OPN_ID) VALUES(2, '901101');
insert into USER_TYPE_OPERATION(USER_TYPE_OID, OPN_ID) VALUES(3, '901101');
insert into USER_TYPE_OPERATION(USER_TYPE_OID, OPN_ID) VALUES(4, '901101');
insert into USER_TYPE_OPERATION(USER_TYPE_OID, OPN_ID) VALUES(5, '901101');
insert into USER_TYPE_OPERATION(USER_TYPE_OID, OPN_ID) VALUES(6, '901101');
insert into USER_TYPE_OPERATION(USER_TYPE_OID, OPN_ID) VALUES(7, '901101');

insert into USER_TYPE_OPERATION(USER_TYPE_OID, OPN_ID) VALUES(2, '901102');
insert into USER_TYPE_OPERATION(USER_TYPE_OID, OPN_ID) VALUES(3, '901102');
insert into USER_TYPE_OPERATION(USER_TYPE_OID, OPN_ID) VALUES(4, '901102');
insert into USER_TYPE_OPERATION(USER_TYPE_OID, OPN_ID) VALUES(5, '901102');
insert into USER_TYPE_OPERATION(USER_TYPE_OID, OPN_ID) VALUES(6, '901102');
insert into USER_TYPE_OPERATION(USER_TYPE_OID, OPN_ID) VALUES(7, '901102');

insert into USER_TYPE_OPERATION(USER_TYPE_OID, OPN_ID) VALUES(2, '901103');
insert into USER_TYPE_OPERATION(USER_TYPE_OID, OPN_ID) VALUES(3, '901103');
insert into USER_TYPE_OPERATION(USER_TYPE_OID, OPN_ID) VALUES(4, '901103');
insert into USER_TYPE_OPERATION(USER_TYPE_OID, OPN_ID) VALUES(5, '901103');
insert into USER_TYPE_OPERATION(USER_TYPE_OID, OPN_ID) VALUES(6, '901103');
insert into USER_TYPE_OPERATION(USER_TYPE_OID, OPN_ID) VALUES(7, '901103');

insert into USER_TYPE_OPERATION(USER_TYPE_OID, OPN_ID) VALUES(2, '901104');
insert into USER_TYPE_OPERATION(USER_TYPE_OID, OPN_ID) VALUES(3, '901104');
insert into USER_TYPE_OPERATION(USER_TYPE_OID, OPN_ID) VALUES(4, '901104');
insert into USER_TYPE_OPERATION(USER_TYPE_OID, OPN_ID) VALUES(5, '901104');
insert into USER_TYPE_OPERATION(USER_TYPE_OID, OPN_ID) VALUES(6, '901104');
insert into USER_TYPE_OPERATION(USER_TYPE_OID, OPN_ID) VALUES(7, '901104');


-- PO-INV-GRN-DN --
insert into USER_TYPE_OPERATION(USER_TYPE_OID, OPN_ID) VALUES(2, '1000101');
insert into USER_TYPE_OPERATION(USER_TYPE_OID, OPN_ID) VALUES(4, '1000101');
insert into USER_TYPE_OPERATION(USER_TYPE_OID, OPN_ID) VALUES(2, '1000102');
insert into USER_TYPE_OPERATION(USER_TYPE_OID, OPN_ID) VALUES(4, '1000102');
insert into USER_TYPE_OPERATION(USER_TYPE_OID, OPN_ID) VALUES(6, '1000102');
insert into USER_TYPE_OPERATION(USER_TYPE_OID, OPN_ID) VALUES(7, '1000102');
insert into USER_TYPE_OPERATION(USER_TYPE_OID, OPN_ID) VALUES(2, '1000103');
insert into USER_TYPE_OPERATION(USER_TYPE_OID, OPN_ID) VALUES(4, '1000103');
insert into USER_TYPE_OPERATION(USER_TYPE_OID, OPN_ID) VALUES(3, '1000101');
insert into USER_TYPE_OPERATION(USER_TYPE_OID, OPN_ID) VALUES(5, '1000101');
insert into USER_TYPE_OPERATION(USER_TYPE_OID, OPN_ID) VALUES(6, '1000101');
insert into USER_TYPE_OPERATION(USER_TYPE_OID, OPN_ID) VALUES(7, '1000101');
insert into USER_TYPE_OPERATION(USER_TYPE_OID, OPN_ID) VALUES(3, '1000104');
insert into USER_TYPE_OPERATION(USER_TYPE_OID, OPN_ID) VALUES(5, '1000104');
insert into USER_TYPE_OPERATION(USER_TYPE_OID, OPN_ID) VALUES(2, '1000105');
insert into USER_TYPE_OPERATION(USER_TYPE_OID, OPN_ID) VALUES(4, '1000105');
insert into USER_TYPE_OPERATION(USER_TYPE_OID, OPN_ID) VALUES(6, '1000105');
insert into USER_TYPE_OPERATION(USER_TYPE_OID, OPN_ID) VALUES(7, '1000105');
insert into USER_TYPE_OPERATION(USER_TYPE_OID, OPN_ID) VALUES(2, '1000106');
insert into USER_TYPE_OPERATION(USER_TYPE_OID, OPN_ID) VALUES(4, '1000106');
insert into USER_TYPE_OPERATION(USER_TYPE_OID, OPN_ID) VALUES(2, '1000107');
insert into USER_TYPE_OPERATION(USER_TYPE_OID, OPN_ID) VALUES(4, '1000107');
insert into USER_TYPE_OPERATION(USER_TYPE_OID, OPN_ID) VALUES(3, '1000108');
insert into USER_TYPE_OPERATION(USER_TYPE_OID, OPN_ID) VALUES(5, '1000108');

insert into USER_TYPE_OPERATION(USER_TYPE_OID, OPN_ID) VALUES(2, '1000201');
insert into USER_TYPE_OPERATION(USER_TYPE_OID, OPN_ID) VALUES(4, '1000201');
insert into USER_TYPE_OPERATION(USER_TYPE_OID, OPN_ID) VALUES(2, '1000301');
insert into USER_TYPE_OPERATION(USER_TYPE_OID, OPN_ID) VALUES(4, '1000301');
insert into USER_TYPE_OPERATION(USER_TYPE_OID, OPN_ID) VALUES(6, '1000301');
insert into USER_TYPE_OPERATION(USER_TYPE_OID, OPN_ID) VALUES(7, '1000301');

-- Other Reports
insert into USER_TYPE_OPERATION(USER_TYPE_OID, OPN_ID) VALUES(2, '1100101');
insert into USER_TYPE_OPERATION(USER_TYPE_OID, OPN_ID) VALUES(4, '1100101');
insert into USER_TYPE_OPERATION(USER_TYPE_OID, OPN_ID) VALUES(6, '1100101');
insert into USER_TYPE_OPERATION(USER_TYPE_OID, OPN_ID) VALUES(7, '1100101');
insert into USER_TYPE_OPERATION(USER_TYPE_OID, OPN_ID) VALUES(2, '1100201');
insert into USER_TYPE_OPERATION(USER_TYPE_OID, OPN_ID) VALUES(4, '1100201');
insert into USER_TYPE_OPERATION(USER_TYPE_OID, OPN_ID) VALUES(2, '1100202');
insert into USER_TYPE_OPERATION(USER_TYPE_OID, OPN_ID) VALUES(4, '1100202');
insert into USER_TYPE_OPERATION(USER_TYPE_OID, OPN_ID) VALUES(2, '1100203');
insert into USER_TYPE_OPERATION(USER_TYPE_OID, OPN_ID) VALUES(4, '1100203');
insert into USER_TYPE_OPERATION(USER_TYPE_OID, OPN_ID) VALUES(2, '1100204');
insert into USER_TYPE_OPERATION(USER_TYPE_OID, OPN_ID) VALUES(4, '1100204');
insert into USER_TYPE_OPERATION(USER_TYPE_OID, OPN_ID) VALUES(2, '1100301');
insert into USER_TYPE_OPERATION(USER_TYPE_OID, OPN_ID) VALUES(4, '1100301');
insert into USER_TYPE_OPERATION(USER_TYPE_OID, OPN_ID) VALUES(2, '1100302');
insert into USER_TYPE_OPERATION(USER_TYPE_OID, OPN_ID) VALUES(4, '1100302');
insert into USER_TYPE_OPERATION(USER_TYPE_OID, OPN_ID) VALUES(2, '1100401');
insert into USER_TYPE_OPERATION(USER_TYPE_OID, OPN_ID) VALUES(4, '1100401');
insert into USER_TYPE_OPERATION(USER_TYPE_OID, OPN_ID) VALUES(6, '1100401');
insert into USER_TYPE_OPERATION(USER_TYPE_OID, OPN_ID) VALUES(7, '1100401');
insert into USER_TYPE_OPERATION(USER_TYPE_OID, OPN_ID) VALUES(2, '1100402');
insert into USER_TYPE_OPERATION(USER_TYPE_OID, OPN_ID) VALUES(4, '1100402');
insert into USER_TYPE_OPERATION(USER_TYPE_OID, OPN_ID) VALUES(6, '1100402');
insert into USER_TYPE_OPERATION(USER_TYPE_OID, OPN_ID) VALUES(7, '1100402');
insert into USER_TYPE_OPERATION(USER_TYPE_OID, OPN_ID) VALUES(2, '1100601');
insert into USER_TYPE_OPERATION(USER_TYPE_OID, OPN_ID) VALUES(4, '1100601');
insert into USER_TYPE_OPERATION(USER_TYPE_OID, OPN_ID) VALUES(6, '1100601');
insert into USER_TYPE_OPERATION(USER_TYPE_OID, OPN_ID) VALUES(7, '1100601');

-- Job Control
insert into USER_TYPE_OPERATION(USER_TYPE_OID, OPN_ID) VALUES(1, '2000101');

-- Task List
insert into USER_TYPE_OPERATION(USER_TYPE_OID, OPN_ID) VALUES(1, '000101');
insert into USER_TYPE_OPERATION(USER_TYPE_OID, OPN_ID) VALUES(2, '000101');
insert into USER_TYPE_OPERATION(USER_TYPE_OID, OPN_ID) VALUES(4, '000101');
insert into USER_TYPE_OPERATION(USER_TYPE_OID, OPN_ID) VALUES(3, '000101');
insert into USER_TYPE_OPERATION(USER_TYPE_OID, OPN_ID) VALUES(5, '000101');
insert into USER_TYPE_OPERATION(USER_TYPE_OID, OPN_ID) VALUES(6, '000101');
insert into USER_TYPE_OPERATION(USER_TYPE_OID, OPN_ID) VALUES(7, '000101');



-- Quick Purchase Order
insert into USER_TYPE_OPERATION(USER_TYPE_OID, OPN_ID) VALUES(2, '901201');
insert into USER_TYPE_OPERATION(USER_TYPE_OID, OPN_ID) VALUES(3, '901201');
insert into USER_TYPE_OPERATION(USER_TYPE_OID, OPN_ID) VALUES(4, '901201');
insert into USER_TYPE_OPERATION(USER_TYPE_OID, OPN_ID) VALUES(5, '901201');
insert into USER_TYPE_OPERATION(USER_TYPE_OID, OPN_ID) VALUES(6, '901201');
insert into USER_TYPE_OPERATION(USER_TYPE_OID, OPN_ID) VALUES(7, '901201');

insert into USER_TYPE_OPERATION(USER_TYPE_OID, OPN_ID) VALUES(3, '901202');
insert into USER_TYPE_OPERATION(USER_TYPE_OID, OPN_ID) VALUES(5, '901202');

insert into USER_TYPE_OPERATION(USER_TYPE_OID, OPN_ID) VALUES(2, '901203');
insert into USER_TYPE_OPERATION(USER_TYPE_OID, OPN_ID) VALUES(3, '901203');
insert into USER_TYPE_OPERATION(USER_TYPE_OID, OPN_ID) VALUES(4, '901203');
insert into USER_TYPE_OPERATION(USER_TYPE_OID, OPN_ID) VALUES(5, '901203');
insert into USER_TYPE_OPERATION(USER_TYPE_OID, OPN_ID) VALUES(6, '901203');
insert into USER_TYPE_OPERATION(USER_TYPE_OID, OPN_ID) VALUES(7, '901203');

insert into USER_TYPE_OPERATION(USER_TYPE_OID, OPN_ID) VALUES(2, '901204');
insert into USER_TYPE_OPERATION(USER_TYPE_OID, OPN_ID) VALUES(3, '901204');
insert into USER_TYPE_OPERATION(USER_TYPE_OID, OPN_ID) VALUES(4, '901204');
insert into USER_TYPE_OPERATION(USER_TYPE_OID, OPN_ID) VALUES(5, '901204');
insert into USER_TYPE_OPERATION(USER_TYPE_OID, OPN_ID) VALUES(6, '901204');
insert into USER_TYPE_OPERATION(USER_TYPE_OID, OPN_ID) VALUES(7, '901204');

insert into USER_TYPE_OPERATION(USER_TYPE_OID, OPN_ID) VALUES(2, '901206');
insert into USER_TYPE_OPERATION(USER_TYPE_OID, OPN_ID) VALUES(3, '901206');
insert into USER_TYPE_OPERATION(USER_TYPE_OID, OPN_ID) VALUES(4, '901206');
insert into USER_TYPE_OPERATION(USER_TYPE_OID, OPN_ID) VALUES(5, '901206');
insert into USER_TYPE_OPERATION(USER_TYPE_OID, OPN_ID) VALUES(6, '901206');
insert into USER_TYPE_OPERATION(USER_TYPE_OID, OPN_ID) VALUES(7, '901206');

insert into USER_TYPE_OPERATION(USER_TYPE_OID, OPN_ID) VALUES(3, '901207');
insert into USER_TYPE_OPERATION(USER_TYPE_OID, OPN_ID) VALUES(5, '901207');


-- Daily Sales Data
insert into USER_TYPE_OPERATION(USER_TYPE_OID, OPN_ID) VALUES(2, '901301');
insert into USER_TYPE_OPERATION(USER_TYPE_OID, OPN_ID) VALUES(3, '901301');
insert into USER_TYPE_OPERATION(USER_TYPE_OID, OPN_ID) VALUES(4, '901301');
insert into USER_TYPE_OPERATION(USER_TYPE_OID, OPN_ID) VALUES(5, '901301');
insert into USER_TYPE_OPERATION(USER_TYPE_OID, OPN_ID) VALUES(2, '901302');
insert into USER_TYPE_OPERATION(USER_TYPE_OID, OPN_ID) VALUES(3, '901302');
insert into USER_TYPE_OPERATION(USER_TYPE_OID, OPN_ID) VALUES(4, '901302');
insert into USER_TYPE_OPERATION(USER_TYPE_OID, OPN_ID) VALUES(5, '901302');
insert into USER_TYPE_OPERATION(USER_TYPE_OID, OPN_ID) VALUES(2, '901303');
insert into USER_TYPE_OPERATION(USER_TYPE_OID, OPN_ID) VALUES(3, '901303');
insert into USER_TYPE_OPERATION(USER_TYPE_OID, OPN_ID) VALUES(4, '901303');
insert into USER_TYPE_OPERATION(USER_TYPE_OID, OPN_ID) VALUES(5, '901303');


-- Credit Note
insert into USER_TYPE_OPERATION(USER_TYPE_OID, OPN_ID) VALUES(2, '901401');
insert into USER_TYPE_OPERATION(USER_TYPE_OID, OPN_ID) VALUES(3, '901401');
insert into USER_TYPE_OPERATION(USER_TYPE_OID, OPN_ID) VALUES(4, '901401');
insert into USER_TYPE_OPERATION(USER_TYPE_OID, OPN_ID) VALUES(5, '901401');
insert into USER_TYPE_OPERATION(USER_TYPE_OID, OPN_ID) VALUES(2, '901402');
insert into USER_TYPE_OPERATION(USER_TYPE_OID, OPN_ID) VALUES(3, '901402');
insert into USER_TYPE_OPERATION(USER_TYPE_OID, OPN_ID) VALUES(4, '901402');
insert into USER_TYPE_OPERATION(USER_TYPE_OID, OPN_ID) VALUES(5, '901402');
insert into USER_TYPE_OPERATION(USER_TYPE_OID, OPN_ID) VALUES(3, '901403');
insert into USER_TYPE_OPERATION(USER_TYPE_OID, OPN_ID) VALUES(5, '901403');


-- Test Docs
insert into USER_TYPE_OPERATION(USER_TYPE_OID, OPN_ID) VALUES(2, '2100101');
insert into USER_TYPE_OPERATION(USER_TYPE_OID, OPN_ID) VALUES(4, '2100101');

