-- Outbound File Detector Job
INSERT INTO QRTZ_JOB_DETAILS(JOB_NAME, JOB_GROUP, DESCRIPTION, JOB_CLASS_NAME, IS_DURABLE, IS_VOLATILE, IS_STATEFUL, REQUESTS_RECOVERY, JOB_DATA)
VALUES ('Outbound_File_Detect_Job', 'B2B-GROUP', 'The job to detect outbound batch files, such as PO, GRN and so on.', 'com.pracbiz.b2bportal.core.eai.backend.OutboundFileDetectJob', FALSE, FALSE, FALSE, FALSE, NULL);

INSERT INTO QRTZ_TRIGGERS(TRIGGER_NAME, TRIGGER_GROUP, JOB_NAME, JOB_GROUP, IS_VOLATILE, DESCRIPTION, NEXT_FIRE_TIME, PREV_FIRE_TIME, PRIORITY, TRIGGER_STATE, TRIGGER_TYPE, START_TIME, END_TIME, CALENDAR_NAME, MISFIRE_INSTR, JOB_DATA)
VALUES('outboundFileDetectJobTrigger', 'B2B-GROUP', 'Outbound_File_Detect_Job', 'B2B-GROUP', false, NULL, '0000000000000', '0000000000000', 5, 'WAITING', 'CRON', '0000000000000', NULL, NULL, 2, NULL);

INSERT INTO QRTZ_CRON_TRIGGERS(TRIGGER_NAME, TRIGGER_GROUP, CRON_EXPRESSION, TIME_ZONE_ID)
VALUES('outboundFileDetectJobTrigger', 'B2B-GROUP', '0 0/10 * * * ?', NULL);


-- Inbound File Detector Job
INSERT INTO QRTZ_JOB_DETAILS(JOB_NAME, JOB_GROUP, DESCRIPTION, JOB_CLASS_NAME, IS_DURABLE, IS_VOLATILE, IS_STATEFUL, REQUESTS_RECOVERY, JOB_DATA)
VALUES ('Inbound_File_Detect_Job', 'B2B-GROUP', 'The job to detect inbound doc files, such as Invoice.', 'com.pracbiz.b2bportal.core.eai.backend.InboundFileDetectJob', FALSE, FALSE, FALSE, FALSE, NULL);

INSERT INTO QRTZ_TRIGGERS(TRIGGER_NAME, TRIGGER_GROUP, JOB_NAME, JOB_GROUP, IS_VOLATILE, DESCRIPTION, NEXT_FIRE_TIME, PREV_FIRE_TIME, PRIORITY, TRIGGER_STATE, TRIGGER_TYPE, START_TIME, END_TIME, CALENDAR_NAME, MISFIRE_INSTR, JOB_DATA)
VALUES('inboundFileDetectJobTrigger', 'B2B-GROUP', 'Inbound_File_Detect_Job', 'B2B-GROUP', false, NULL, '0000000000000', '0000000000000', 5, 'WAITING', 'CRON', '0000000000000', NULL, NULL, 2, NULL);

INSERT INTO QRTZ_CRON_TRIGGERS(TRIGGER_NAME, TRIGGER_GROUP, CRON_EXPRESSION, TIME_ZONE_ID)
VALUES('inboundFileDetectJobTrigger', 'B2B-GROUP', '0 5/10 * * * ?', NULL);


-- Inbound Dispatcher Job
INSERT INTO QRTZ_JOB_DETAILS(JOB_NAME, JOB_GROUP, DESCRIPTION, JOB_CLASS_NAME, IS_DURABLE, IS_VOLATILE, IS_STATEFUL, REQUESTS_RECOVERY, JOB_DATA)
VALUES ('Inbound_Dispatcher_Job', 'B2B-GROUP', 'The job to move inbound files from buyer on-hold to in folder.', 'com.pracbiz.b2bportal.core.eai.backend.InboundDispatcherJob', FALSE, FALSE, FALSE, FALSE, NULL);

INSERT INTO QRTZ_TRIGGERS(TRIGGER_NAME, TRIGGER_GROUP, JOB_NAME, JOB_GROUP, IS_VOLATILE, DESCRIPTION, NEXT_FIRE_TIME, PREV_FIRE_TIME, PRIORITY, TRIGGER_STATE, TRIGGER_TYPE, START_TIME, END_TIME, CALENDAR_NAME, MISFIRE_INSTR, JOB_DATA)
VALUES('inboundDispatcherJobTrigger', 'B2B-GROUP', 'Inbound_Dispatcher_Job', 'B2B-GROUP', false, NULL, '0000000000000', '0000000000000', 5, 'WAITING', 'CRON', '0000000000000', NULL, NULL, 2, NULL);

INSERT INTO QRTZ_CRON_TRIGGERS(TRIGGER_NAME, TRIGGER_GROUP, CRON_EXPRESSION, TIME_ZONE_ID)
VALUES('inboundDispatcherJobTrigger', 'B2B-GROUP', '0 0 0/1 * * ?', NULL);


-- Dn Generator Job
INSERT INTO QRTZ_JOB_DETAILS(JOB_NAME, JOB_GROUP, DESCRIPTION, JOB_CLASS_NAME, IS_DURABLE, IS_VOLATILE, IS_STATEFUL, REQUESTS_RECOVERY, JOB_DATA)
VALUES ('DN_Generator_Job', 'B2B-GROUP', 'The job to generate stock and cost DN by comparing PO, INV and GRN.', 'com.pracbiz.b2bportal.customized.unity.eai.backend.DNGeneratorJob', FALSE, FALSE, FALSE, FALSE, NULL);

INSERT INTO QRTZ_TRIGGERS(TRIGGER_NAME, TRIGGER_GROUP, JOB_NAME, JOB_GROUP, IS_VOLATILE, DESCRIPTION, NEXT_FIRE_TIME, PREV_FIRE_TIME, PRIORITY, TRIGGER_STATE, TRIGGER_TYPE, START_TIME, END_TIME, CALENDAR_NAME, MISFIRE_INSTR, JOB_DATA)
VALUES('dnGeneratorJobTrigger', 'B2B-GROUP', 'DN_Generator_Job', 'B2B-GROUP', false, NULL, '0000000000000', '0000000000000', 5, 'WAITING', 'CRON', '0000000000000', NULL, NULL, 2, NULL);

INSERT INTO QRTZ_CRON_TRIGGERS(TRIGGER_NAME, TRIGGER_GROUP, CRON_EXPRESSION, TIME_ZONE_ID)
VALUES('dnGeneratorJobTrigger', 'B2B-GROUP', '0 0 20 * * ?', NULL);


-- Doc Send Job
INSERT INTO QRTZ_JOB_DETAILS(JOB_NAME, JOB_GROUP, DESCRIPTION, JOB_CLASS_NAME, IS_DURABLE, IS_VOLATILE, IS_STATEFUL, REQUESTS_RECOVERY, JOB_DATA)
VALUES ('DN_Send_Job', 'B2B-GROUP', 'The job to send auto generated DN to suppliers.', 'com.pracbiz.b2bportal.customized.unity.eai.backend.DocSendJob', FALSE, FALSE, FALSE, FALSE, NULL);

INSERT INTO QRTZ_TRIGGERS(TRIGGER_NAME, TRIGGER_GROUP, JOB_NAME, JOB_GROUP, IS_VOLATILE, DESCRIPTION, NEXT_FIRE_TIME, PREV_FIRE_TIME, PRIORITY, TRIGGER_STATE, TRIGGER_TYPE, START_TIME, END_TIME, CALENDAR_NAME, MISFIRE_INSTR, JOB_DATA)
VALUES('docSendJobTrigger', 'B2B-GROUP', 'DN_Send_Job', 'B2B-GROUP', false, NULL, '0000000000000', '0000000000000', 5, 'WAITING', 'CRON', '0000000000000', NULL, NULL, 2, NULL);

INSERT INTO QRTZ_CRON_TRIGGERS(TRIGGER_NAME, TRIGGER_GROUP, CRON_EXPRESSION, TIME_ZONE_ID)
VALUES('docSendJobTrigger', 'B2B-GROUP', '0 0 21 * * ?', NULL);


-- Po Inv Grn Dn Matching Job
INSERT INTO QRTZ_JOB_DETAILS(JOB_NAME, JOB_GROUP, DESCRIPTION, JOB_CLASS_NAME, IS_DURABLE, IS_VOLATILE, IS_STATEFUL, REQUESTS_RECOVERY, JOB_DATA)
VALUES ('PO_INV_GRN_DN_Matching_Job', 'B2B-GROUP', 'The job to match PO, INV, GRN and DN.', 'com.pracbiz.b2bportal.core.eai.backend.NewPoInvGrnDnMatchingJob', FALSE, FALSE, FALSE, FALSE, NULL);

INSERT INTO QRTZ_TRIGGERS(TRIGGER_NAME, TRIGGER_GROUP, JOB_NAME, JOB_GROUP, IS_VOLATILE, DESCRIPTION, NEXT_FIRE_TIME, PREV_FIRE_TIME, PRIORITY, TRIGGER_STATE, TRIGGER_TYPE, START_TIME, END_TIME, CALENDAR_NAME, MISFIRE_INSTR, JOB_DATA)
VALUES('poInvGrnDnMatchingJobTrigger', 'B2B-GROUP', 'PO_INV_GRN_DN_Matching_Job', 'B2B-GROUP', false, NULL, '0000000000000', '0000000000000', 5, 'WAITING', 'CRON', '0000000000000', NULL, NULL, 2, NULL);

INSERT INTO QRTZ_CRON_TRIGGERS(TRIGGER_NAME, TRIGGER_GROUP, CRON_EXPRESSION, TIME_ZONE_ID)
VALUES('poInvGrnDnMatchingJobTrigger', 'B2B-GROUP', '0 0 22 * * ?', NULL);


-- Daily Po Inv Grn Dn Notification Job
INSERT INTO QRTZ_JOB_DETAILS(JOB_NAME, JOB_GROUP, DESCRIPTION, JOB_CLASS_NAME, IS_DURABLE, IS_VOLATILE, IS_STATEFUL, REQUESTS_RECOVERY, JOB_DATA)
VALUES ('Daily_PO_INV_GRN_DN_Notification_Job', 'B2B-GROUP', 'The job to notify on matching result.', 'com.pracbiz.b2bportal.core.eai.backend.DailyPoInvGrnDnNotificationJob', FALSE, FALSE, FALSE, FALSE, NULL);

INSERT INTO QRTZ_TRIGGERS(TRIGGER_NAME, TRIGGER_GROUP, JOB_NAME, JOB_GROUP, IS_VOLATILE, DESCRIPTION, NEXT_FIRE_TIME, PREV_FIRE_TIME, PRIORITY, TRIGGER_STATE, TRIGGER_TYPE, START_TIME, END_TIME, CALENDAR_NAME, MISFIRE_INSTR, JOB_DATA)
VALUES('dailyPoInvGrnDnNotificationJobTrigger', 'B2B-GROUP', 'Daily_PO_INV_GRN_DN_Notification_Job', 'B2B-GROUP', false, NULL, '0000000000000', '0000000000000', 5, 'WAITING', 'CRON', '0000000000000', NULL, NULL, 2, NULL);

INSERT INTO QRTZ_CRON_TRIGGERS(TRIGGER_NAME, TRIGGER_GROUP, CRON_EXPRESSION, TIME_ZONE_ID)
VALUES('dailyPoInvGrnDnNotificationJobTrigger', 'B2B-GROUP', '0 30 23 * * ?', NULL);


-- Supplier Master Import Job
INSERT INTO QRTZ_JOB_DETAILS(JOB_NAME, JOB_GROUP, DESCRIPTION, JOB_CLASS_NAME, IS_DURABLE, IS_VOLATILE, IS_STATEFUL, REQUESTS_RECOVERY, JOB_DATA)
VALUES ('Supplier_Master_Import_Job', 'B2B-GROUP', 'The job to import supplier master file.', 'com.pracbiz.b2bportal.core.eai.backend.SupplierMasterImportJob', FALSE, FALSE, FALSE, FALSE, NULL);

INSERT INTO QRTZ_TRIGGERS(TRIGGER_NAME, TRIGGER_GROUP, JOB_NAME, JOB_GROUP, IS_VOLATILE, DESCRIPTION, NEXT_FIRE_TIME, PREV_FIRE_TIME, PRIORITY, TRIGGER_STATE, TRIGGER_TYPE, START_TIME, END_TIME, CALENDAR_NAME, MISFIRE_INSTR, JOB_DATA)
VALUES('supplierMasterImportJobTrigger', 'B2B-GROUP', 'Supplier_Master_Import_Job', 'B2B-GROUP', false, NULL, '0000000000000', '0000000000000', 5, 'WAITING', 'CRON', '0000000000000', NULL, NULL, 2, NULL);

INSERT INTO QRTZ_CRON_TRIGGERS(TRIGGER_NAME, TRIGGER_GROUP, CRON_EXPRESSION, TIME_ZONE_ID)
VALUES('supplierMasterImportJobTrigger', 'B2B-GROUP', '30 0 1/2 * * ?', NULL);


-- Store Import Job
INSERT INTO QRTZ_JOB_DETAILS(JOB_NAME, JOB_GROUP, DESCRIPTION, JOB_CLASS_NAME, IS_DURABLE, IS_VOLATILE, IS_STATEFUL, REQUESTS_RECOVERY, JOB_DATA)
VALUES ('Store_Import_Job', 'B2B-GROUP', 'The job to import store master file.', 'com.pracbiz.b2bportal.core.eai.backend.StoreImportJob', FALSE, FALSE, FALSE, FALSE, NULL);

INSERT INTO QRTZ_TRIGGERS(TRIGGER_NAME, TRIGGER_GROUP, JOB_NAME, JOB_GROUP, IS_VOLATILE, DESCRIPTION, NEXT_FIRE_TIME, PREV_FIRE_TIME, PRIORITY, TRIGGER_STATE, TRIGGER_TYPE, START_TIME, END_TIME, CALENDAR_NAME, MISFIRE_INSTR, JOB_DATA)
VALUES('storeImportJobTrigger', 'B2B-GROUP', 'Store_Import_Job', 'B2B-GROUP', false, NULL, '0000000000000', '0000000000000', 5, 'WAITING', 'CRON', '0000000000000', NULL, NULL, 2, NULL);

INSERT INTO QRTZ_CRON_TRIGGERS(TRIGGER_NAME, TRIGGER_GROUP, CRON_EXPRESSION, TIME_ZONE_ID)
VALUES('storeImportJobTrigger', 'B2B-GROUP', '50 0 0/3 * * ?', NULL);


-- User Import Job
INSERT INTO QRTZ_JOB_DETAILS(JOB_NAME, JOB_GROUP, DESCRIPTION, JOB_CLASS_NAME, IS_DURABLE, IS_VOLATILE, IS_STATEFUL, REQUESTS_RECOVERY, JOB_DATA)
VALUES ('User_Import_Job', 'B2B-GROUP', 'The job to import user master file.', 'com.pracbiz.b2bportal.core.eai.backend.UserImportJob', FALSE, FALSE, FALSE, FALSE, NULL);

INSERT INTO QRTZ_TRIGGERS(TRIGGER_NAME, TRIGGER_GROUP, JOB_NAME, JOB_GROUP, IS_VOLATILE, DESCRIPTION, NEXT_FIRE_TIME, PREV_FIRE_TIME, PRIORITY, TRIGGER_STATE, TRIGGER_TYPE, START_TIME, END_TIME, CALENDAR_NAME, MISFIRE_INSTR, JOB_DATA)
VALUES('userImportJobTrigger', 'B2B-GROUP', 'User_Import_Job', 'B2B-GROUP', false, NULL, '0000000000000', '0000000000000', 5, 'WAITING', 'CRON', '0000000000000', NULL, NULL, 2, NULL);

INSERT INTO QRTZ_CRON_TRIGGERS(TRIGGER_NAME, TRIGGER_GROUP, CRON_EXPRESSION, TIME_ZONE_ID)
VALUES('userImportJobTrigger', 'B2B-GROUP', '0 5 23 * * ?', NULL);


-- Supplier Admin Import Job
INSERT INTO QRTZ_JOB_DETAILS(JOB_NAME, JOB_GROUP, DESCRIPTION, JOB_CLASS_NAME, IS_DURABLE, IS_VOLATILE, IS_STATEFUL, REQUESTS_RECOVERY, JOB_DATA)
VALUES ('Supplier_Admin_Import_Job', 'B2B-GROUP', 'The job to import supplier admin file.', 'com.pracbiz.b2bportal.core.eai.backend.SupplierAdminImportJob', FALSE, FALSE, FALSE, FALSE, NULL);

INSERT INTO QRTZ_TRIGGERS(TRIGGER_NAME, TRIGGER_GROUP, JOB_NAME, JOB_GROUP, IS_VOLATILE, DESCRIPTION, NEXT_FIRE_TIME, PREV_FIRE_TIME, PRIORITY, TRIGGER_STATE, TRIGGER_TYPE, START_TIME, END_TIME, CALENDAR_NAME, MISFIRE_INSTR, JOB_DATA)
VALUES('supplierAdminImportJobTrigger', 'B2B-GROUP', 'Supplier_Admin_Import_Job', 'B2B-GROUP', false, NULL, '0000000000000', '0000000000000', 5, 'WAITING', 'CRON', '0000000000000', NULL, NULL, 2, NULL);

INSERT INTO QRTZ_CRON_TRIGGERS(TRIGGER_NAME, TRIGGER_GROUP, CRON_EXPRESSION, TIME_ZONE_ID)
VALUES('supplierAdminImportJobTrigger', 'B2B-GROUP', '0 17 0/1 * * ?', NULL);


-- dailyPoReportJob
INSERT INTO QRTZ_JOB_DETAILS(JOB_NAME, JOB_GROUP, DESCRIPTION, JOB_CLASS_NAME, IS_DURABLE, IS_VOLATILE, IS_STATEFUL, REQUESTS_RECOVERY, JOB_DATA)
VALUES ('Daily_PO_Report_Job', 'B2B-GROUP', 'The job to import daily PO report file.', 'com.pracbiz.b2bportal.core.eai.backend.DailyPoReportJob', FALSE, FALSE, FALSE, FALSE, NULL);

INSERT INTO QRTZ_TRIGGERS(TRIGGER_NAME, TRIGGER_GROUP, JOB_NAME, JOB_GROUP, IS_VOLATILE, DESCRIPTION, NEXT_FIRE_TIME, PREV_FIRE_TIME, PRIORITY, TRIGGER_STATE, TRIGGER_TYPE, START_TIME, END_TIME, CALENDAR_NAME, MISFIRE_INSTR, JOB_DATA)
VALUES('dailyPoReportJobTrigger', 'B2B-GROUP', 'Daily_PO_Report_Job', 'B2B-GROUP', false, NULL, '0000000000000', '0000000000000', 5, 'WAITING', 'CRON', '0000000000000', NULL, NULL, 2, NULL);

INSERT INTO QRTZ_CRON_TRIGGERS(TRIGGER_NAME, TRIGGER_GROUP, CRON_EXPRESSION, TIME_ZONE_ID)
VALUES('dailyPoReportJobTrigger', 'B2B-GROUP', '0 59 23 * * ?', NULL);


-- itemImportJob
INSERT INTO QRTZ_JOB_DETAILS(JOB_NAME, JOB_GROUP, DESCRIPTION, JOB_CLASS_NAME, IS_DURABLE, IS_VOLATILE, IS_STATEFUL, REQUESTS_RECOVERY, JOB_DATA)
VALUES ('Item_Import_Job', 'B2B-GROUP', 'The job to import item file.', 'com.pracbiz.b2bportal.core.eai.backend.ItemImportJob', FALSE, FALSE, FALSE, FALSE, NULL);

INSERT INTO QRTZ_TRIGGERS(TRIGGER_NAME, TRIGGER_GROUP, JOB_NAME, JOB_GROUP, IS_VOLATILE, DESCRIPTION, NEXT_FIRE_TIME, PREV_FIRE_TIME, PRIORITY, TRIGGER_STATE, TRIGGER_TYPE, START_TIME, END_TIME, CALENDAR_NAME, MISFIRE_INSTR, JOB_DATA)
VALUES('itemImportJobTrigger', 'B2B-GROUP', 'Item_Import_Job', 'B2B-GROUP', false, NULL, '0000000000000', '0000000000000', 5, 'WAITING', 'CRON', '0000000000000', NULL, NULL, 2, NULL);

INSERT INTO QRTZ_CRON_TRIGGERS(TRIGGER_NAME, TRIGGER_GROUP, CRON_EXPRESSION, TIME_ZONE_ID)
VALUES('itemImportJobTrigger', 'B2B-GROUP', '0 0/5 * * * ?', NULL);


-- FairPriceDnGenerateJob
INSERT INTO QRTZ_JOB_DETAILS(JOB_NAME, JOB_GROUP, DESCRIPTION, JOB_CLASS_NAME, IS_DURABLE, IS_VOLATILE, IS_STATEFUL, REQUESTS_RECOVERY, JOB_DATA)
VALUES ('RTV_DN_Generate_Job', 'B2B-GROUP', 'The job to generate DN from RTV includes export DN.', 'com.pracbiz.b2bportal.customized.unity.eai.backend.RTVDNGeneratorJob', FALSE, FALSE, FALSE, FALSE, NULL);

INSERT INTO QRTZ_TRIGGERS(TRIGGER_NAME, TRIGGER_GROUP, JOB_NAME, JOB_GROUP, IS_VOLATILE, DESCRIPTION, NEXT_FIRE_TIME, PREV_FIRE_TIME, PRIORITY, TRIGGER_STATE, TRIGGER_TYPE, START_TIME, END_TIME, CALENDAR_NAME, MISFIRE_INSTR, JOB_DATA)
VALUES('rtvDnGeneratorJobTrigger', 'B2B-GROUP', 'RTV_DN_Generate_Job', 'B2B-GROUP', false, NULL, '0000000000000', '0000000000000', 5, 'WAITING', 'CRON', '0000000000000', NULL, NULL, 2, NULL);

INSERT INTO QRTZ_CRON_TRIGGERS(TRIGGER_NAME, TRIGGER_GROUP, CRON_EXPRESSION, TIME_ZONE_ID)
VALUES('rtvDnGeneratorJobTrigger', 'B2B-GROUP', '0 0/5 * * * ?', NULL);




-- WatsonsInvExportJob
INSERT INTO QRTZ_JOB_DETAILS(JOB_NAME, JOB_GROUP, DESCRIPTION, JOB_CLASS_NAME, IS_DURABLE, IS_VOLATILE, IS_STATEFUL, REQUESTS_RECOVERY, JOB_DATA)
VALUES ('Watsons_Inv_Export_Job', 'B2B-GROUP', 'The job to export watsons inv file.', 'com.pracbiz.b2bportal.customized.watsons.eai.backend.WatsonsInvExportJob', FALSE, FALSE, FALSE, FALSE, NULL);

INSERT INTO QRTZ_TRIGGERS(TRIGGER_NAME, TRIGGER_GROUP, JOB_NAME, JOB_GROUP, IS_VOLATILE, DESCRIPTION, NEXT_FIRE_TIME, PREV_FIRE_TIME, PRIORITY, TRIGGER_STATE, TRIGGER_TYPE, START_TIME, END_TIME, CALENDAR_NAME, MISFIRE_INSTR, JOB_DATA)
VALUES('watsonsInvExportJobTrigger', 'B2B-GROUP', 'Watsons_Inv_Export_Job', 'B2B-GROUP', false, NULL, '0000000000000', '0000000000000', 5, 'WAITING', 'CRON', '0000000000000', NULL, NULL, 2, NULL);

INSERT INTO QRTZ_CRON_TRIGGERS(TRIGGER_NAME, TRIGGER_GROUP, CRON_EXPRESSION, TIME_ZONE_ID)
VALUES('watsonsInvExportJobTrigger', 'B2B-GROUP', '0 59 23 * * ?', NULL);



-- ChangeSupplierGstJob
INSERT INTO QRTZ_JOB_DETAILS(JOB_NAME, JOB_GROUP, DESCRIPTION, JOB_CLASS_NAME, IS_DURABLE, IS_VOLATILE, IS_STATEFUL, REQUESTS_RECOVERY, JOB_DATA)
VALUES ('Change_Supplier_Gst_Job', 'B2B-GROUP', 'The job to export watsons inv file.', 'com.pracbiz.b2bportal.core.eai.backend.ChangeSupplierGstJob', FALSE, FALSE, FALSE, FALSE, NULL);

INSERT INTO QRTZ_TRIGGERS(TRIGGER_NAME, TRIGGER_GROUP, JOB_NAME, JOB_GROUP, IS_VOLATILE, DESCRIPTION, NEXT_FIRE_TIME, PREV_FIRE_TIME, PRIORITY, TRIGGER_STATE, TRIGGER_TYPE, START_TIME, END_TIME, CALENDAR_NAME, MISFIRE_INSTR, JOB_DATA)
VALUES('changeSupplierGstJobTrigger', 'B2B-GROUP', 'Change_Supplier_Gst_Job', 'B2B-GROUP', false, NULL, '0000000000000', '0000000000000', 5, 'WAITING', 'CRON', '0000000000000', NULL, NULL, 2, NULL);

INSERT INTO QRTZ_CRON_TRIGGERS(TRIGGER_NAME, TRIGGER_GROUP, CRON_EXPRESSION, TIME_ZONE_ID)
VALUES('changeSupplierGstJobTrigger', 'B2B-GROUP', '0 59 23 * * ?', NULL);



-- ChangeSupplierGstJob
INSERT INTO QRTZ_JOB_DETAILS(JOB_NAME, JOB_GROUP, DESCRIPTION, JOB_CLASS_NAME, IS_DURABLE, IS_VOLATILE, IS_STATEFUL, REQUESTS_RECOVERY, JOB_DATA)
VALUES ('Database_Upgrade_Job', 'B2B-GROUP', 'The job to upgrade datebase.', 'com.pracbiz.b2bportal.core.eai.backend.DatabaseUpgradeJob', FALSE, FALSE, FALSE, FALSE, NULL);

INSERT INTO QRTZ_TRIGGERS(TRIGGER_NAME, TRIGGER_GROUP, JOB_NAME, JOB_GROUP, IS_VOLATILE, DESCRIPTION, NEXT_FIRE_TIME, PREV_FIRE_TIME, PRIORITY, TRIGGER_STATE, TRIGGER_TYPE, START_TIME, END_TIME, CALENDAR_NAME, MISFIRE_INSTR, JOB_DATA)
VALUES('databaseUpgradeJobTrigger', 'B2B-GROUP', 'Database_Upgrade_Job', 'B2B-GROUP', false, NULL, '0000000000000', '0000000000000', 5, 'WAITING', 'CRON', '0000000000000', NULL, NULL, 2, NULL);

INSERT INTO QRTZ_CRON_TRIGGERS(TRIGGER_NAME, TRIGGER_GROUP, CRON_EXPRESSION, TIME_ZONE_ID)
VALUES('databaseUpgradeJobTrigger', 'B2B-GROUP', '0 59 23 * * ?', NULL);



-- ChangeSupplierGstJob
INSERT INTO QRTZ_JOB_DETAILS(JOB_NAME, JOB_GROUP, DESCRIPTION, JOB_CLASS_NAME, IS_DURABLE, IS_VOLATILE, IS_STATEFUL, REQUESTS_RECOVERY, JOB_DATA)
VALUES ('Supplier_Live_Job', 'B2B-GROUP', 'The job to make supplier alive.', 'com.pracbiz.b2bportal.core.eai.backend.SupplierLiveJob', FALSE, FALSE, FALSE, FALSE, NULL);

INSERT INTO QRTZ_TRIGGERS(TRIGGER_NAME, TRIGGER_GROUP, JOB_NAME, JOB_GROUP, IS_VOLATILE, DESCRIPTION, NEXT_FIRE_TIME, PREV_FIRE_TIME, PRIORITY, TRIGGER_STATE, TRIGGER_TYPE, START_TIME, END_TIME, CALENDAR_NAME, MISFIRE_INSTR, JOB_DATA)
VALUES('supplierLiveJobTrigger', 'B2B-GROUP', 'Supplier_Live_Job', 'B2B-GROUP', false, NULL, '0000000000000', '0000000000000', 5, 'WAITING', 'CRON', '0000000000000', NULL, NULL, 2, NULL);

INSERT INTO QRTZ_CRON_TRIGGERS(TRIGGER_NAME, TRIGGER_GROUP, CRON_EXPRESSION, TIME_ZONE_ID)
VALUES('supplierLiveJobTrigger', 'B2B-GROUP', '0 59 23 * * ?', NULL);
