[GRN No.],[Date Received],[Order No.],[PO Date],[GRN Date],[Supplier Code],[Receiving Store Code],[Receiving Store Name],[GRN Remarks]
PSR/AMK/12/000023,15/07/2013,PO/AMK/12/0000069,15/07/2013,15/07/2013,Z004,AMK,ANG MO KIO,

[GRN No.],[Line No.],[SKU Code],[Description],[Packing Factor],[Order Base Unit],[Order UOM],[Quantity Ordered],[Quantity Received],[Item Remarks],[Item Cost]
PSR/AMK/12/000023,1,2600350,GLUCERNA LIQ -250ML ,1,U,PCS,10,10,,2.31
PSR/AMK/12/000023,2,2500307,EGO SOOV BITE GEL -25GM ,1,U,PCS,10,10,,4.70
PSR/AMK/12/000023,3,2603883,KORDEL'S WILD SALMON+FISH OIL -2X180'S ,1,U,PCS,10,10,,39.25
