[Payment Voucher No.],[Cheque No],[Payment Date],[Supplier Code],[Supplier Name],[Invoice Date],[Invoice No],[Gross Amount],[Discount Amount],[Net Amount]
680050,680050,25/11/2011,Z004,Zuellig Pharma Pte Ltd,23/08/2011,07188992,209.93,0.00,209.93
,,,,,,,,,
680050,680050,26/11/2011,Z004,Zuellig Pharma Pte Ltd,03/08/2011,07187161,125.99,0.00,125.99
680050,680050,27/11/2011,Z004,Zuellig Pharma Pte Ltd,03/08/2011,07188924,1736.07,0.00,1736.07
680050,680050,28/11/2011,Z004,Zuellig Pharma Pte Ltd,03/08/2011,07189045,425.35,0.00,425.35
680050,680050,29/11/2011,Z004,Zuellig Pharma Pte Ltd,03/08/2011,07188995,209.93,0.00,209.93


