[PO No_],[PO Type],[PO Date],[Delivery Date],[PO Expiry Date],[Supplier Code],[Supplier Name],[Credit Term Code],[Total PO Cost],[Header Disc. Amount],[Net PO Cost],[Gross Profit Margin (Consignment)],[Total Shared Cost (Consignment)],[Total PO Cost (Consignment)],[Comments]
PO/BSH/14/000397,SOR,26/02/2014,,,Z004,Zuellig Pharma Pte Ltd,30DAYS,464.42,0.00,434.04,0,0,0,Please take note the delvery Date

[PO No_],[Line No.],[Buyer SKU Code],[Supplier SKU Code],[Item Description],[Qty. Unit Conversion],[Ordering Base Unit],[UOM Code],[Quantity Ordered],[Original Quantity],[Bonus Quantity],[Cost per Unit],[Cost per Pack],[Line Discount Amt],[Net Unit Cost],[Net Pack Cost],[Line Amount Cost],[Line Item Shared Cost],[Total Line Item Cost],[Item Selling Price],[Line Item Retail Amount],[Location Item Number],[Location Code],[Location Qty. to Ship]
PO/BSH/14/000397,1,2602560,,KORDEL'S EPO 1000MG+E200IU-180'S+90'S ,1,U,PCS,3,3,0,63.33,63.33,0.00,63.33,63.33,189.99,0.00,189.99,82.24,246.73,1,BSH,0
PO/BSH/14/000397,2,2601762,,KORDEL'S EPO 1000MG + VIT E 200IU -90'S ,1,U,PCS,2,2,0,28.88,28.88,0.00,28.88,28.88,57.76,0.00,57.76,43.17,86.34,2,BSH,0
PO/BSH/14/000397,3,2600468,,KORDEL'S JOINT AID + MSM -120'S ,1,U,PCS,3,3,0,34.21,34.21,0.00,34.21,34.21,102.63,0.00,102.63,51.40,154.21,3,BSH,0
PO/BSH/14/000397,4,2600470,,KORDEL'S JOINT FOOD -120'S ,1,U,PCS,2,2,0,41.83,41.83,0.00,41.83,41.83,83.66,0.00,83.66,63.55,127.10,4,BSH,0
