[Sales. Invoice No.],[Date Shipped],[Order No.],[SO Date],[Invoiced Date],[Customer Code],[Shipping Store Code],[Shipping Store Name],[Invoice Remarks]
SEDI/13/000005,21/11/2013,,21/11/2013,21/11/2013,R024,,,
[Sales Invoice No.],[Line No.],[SKU Code],[Description],[Packing Factor],[Order Base Unit],[Order UOM],[Quantity Invoiced],[Item Remarks],[Item Price]
SEDI/13/000005,1,9900330,OPPO 2060 ABDOMINAL BINDER M ,1,U,PCS,6,,35.60
SEDI/13/000005,2,9900329,OPPO 2060 ABDOMINAL BINDER L ,1,U,PCS,2,,35.60

