PO_NO,PO_LINE_NO,SKU_CODE,VENDOR_ARTICLE,SKU_DESCRIPTION,QTY,UNIT_PRICE,TOTAL_COST,UOP,RETAIL_AMT,UOM,REMARKS,VENDOR_ARTICLE_2
167576,1,6051226,S0980400,RL S13 (V100+BL100+SG100),18.000,88.3200,1589.7600,EA,126.0000,EA,NORMAL,
167595,1,6040605,S0642900,RL POLO SPORT BLUE EDT 125ML,12.000,87.0100,1044.1200,EA,133.0000,EA,NORMAL,
167595,2,6050819,S0962100,RL POLO RED EDT 125ML,36.000,77.8500,2802.6000,EA,119.0000,EA,NORMAL,
167595,3,131046,80830700,POLO RALPH LAUREN BLUE 125ML SPRAY,6.000,87.0100,522.0600,EA,133.0000,EA,NORMAL,
167595,4,23180010,80042200,RL POLO CLGN SPRAY,6.000,80.4700,482.8200,EA,123.0000,EA,NORMAL,
167595,5,6047815,S0933900,RL BPWPK S13 BRACELET 100ML,6.000,77.8500,467.1000,EA,119.0000,EA,NORMAL,
167595,6,6040991,L2467000,GA ACQUA DI GIO ESSENZA V75ML,18.000,90.9300,1636.7400,EA,139.0000,EA,NORMAL,
167595,7,6020997,L1155500,GA AD GIOIA EDP100ml,9.000,77.8500,700.6500,EA,119.0000,EA,NORMAL,
167595,8,277321,28118500,GA EA5 DIAMONDS EDP 100ML SPRAY,3.000,84.3900,253.1700,EA,129.0000,EA,NORMAL,
